angle,heading,timestamp
39,128,2022-08-26 16:59
40,128,2022-08-26 16:59
39,127,2022-08-26 16:59
40,126,2022-08-26 16:59
39,125,2022-08-26 16:59
40,124,2022-08-26 16:59
39,121,2022-08-26 16:59
39,121,2022-08-26 16:59
38,119,2022-08-26 16:59
39,118,2022-08-26 16:59
40,116,2022-08-26 16:59
40,115,2022-08-26 16:59
39,113,2022-08-26 16:59
39,112,2022-08-26 16:59
40,110,2022-08-26 16:59
41,109,2022-08-26 16:59
40,109,2022-08-26 16:59
40,108,2022-08-26 16:59
39,107,2022-08-26 16:59
40,105,2022-08-26 16:59
39,103,2022-08-26 16:59
39,102,2022-08-26 16:59
38,100,2022-08-26 16:59
38,98,2022-08-26 16:59
38,96,2022-08-26 16:59
39,94,2022-08-26 16:59
40,93,2022-08-26 16:59
41,93,2022-08-26 16:59
40,90,2022-08-26 16:59
40,88,2022-08-26 16:59
39,88,2022-08-26 16:59
38,85,2022-08-26 16:59
37,84,2022-08-26 16:59
38,83,2022-08-26 16:59
38,81,2022-08-26 16:59
39,80,2022-08-26 16:59
38,78,2022-08-26 16:59
39,77,2022-08-26 16:59
38,76,2022-08-26 16:59
39,74,2022-08-26 16:59
39,73,2022-08-26 16:59
40,72,2022-08-26 16:59
40,71,2022-08-26 16:59
39,69,2022-08-26 16:59
40,67,2022-08-26 16:59
39,66,2022-08-26 16:59
39,66,2022-08-26 16:59
39,64,2022-08-26 16:59
39,62,2022-08-26 17:00
39,62,2022-08-26 17:00
39,61,2022-08-26 17:00
38,60,2022-08-26 17:00
39,57,2022-08-26 17:00
38,57,2022-08-26 17:00
38,57,2022-08-26 17:00
38,57,2022-08-26 17:00
38,56,2022-08-26 17:00
39,53,2022-08-26 17:00
39,50,2022-08-26 17:00
40,49,2022-08-26 17:00
40,50,2022-08-26 17:00
40,48,2022-08-26 17:00
40,47,2022-08-26 17:00
39,47,2022-08-26 17:00
39,45,2022-08-26 17:00
39,44,2022-08-26 17:00
39,42,2022-08-26 17:00
40,41,2022-08-26 17:00
39,40,2022-08-26 17:00
39,40,2022-08-26 17:00
37,40,2022-08-26 17:00
38,39,2022-08-26 17:00
38,39,2022-08-26 17:00
39,38,2022-08-26 17:00
39,38,2022-08-26 17:00
38,37,2022-08-26 17:00
39,37,2022-08-26 17:00
39,37,2022-08-26 17:00
39,37,2022-08-26 17:00
39,37,2022-08-26 17:00
40,37,2022-08-26 17:00
40,37,2022-08-26 17:00
40,36,2022-08-26 17:00
39,36,2022-08-26 17:00
40,36,2022-08-26 17:00
39,35,2022-08-26 17:00
40,35,2022-08-26 17:00
40,36,2022-08-26 17:00
39,35,2022-08-26 17:00
39,35,2022-08-26 17:00
38,36,2022-08-26 17:00
39,35,2022-08-26 17:00
38,36,2022-08-26 17:00
39,36,2022-08-26 17:00
38,36,2022-08-26 17:00
39,35,2022-08-26 17:00
38,35,2022-08-26 17:00
38,37,2022-08-26 17:00
38,38,2022-08-26 17:00
39,38,2022-08-26 17:00
40,40,2022-08-26 17:00
40,41,2022-08-26 17:00
41,41,2022-08-26 17:00
40,42,2022-08-26 17:00
39,43,2022-08-26 17:00
38,45,2022-08-26 17:00
39,46,2022-08-26 17:00
38,47,2022-08-26 17:00
38,48,2022-08-26 17:00
39,50,2022-08-26 17:00
41,51,2022-08-26 17:00
40,52,2022-08-26 17:00
39,54,2022-08-26 17:00
38,56,2022-08-26 17:00
39,58,2022-08-26 17:00
39,59,2022-08-26 17:00
40,60,2022-08-26 17:00
39,60,2022-08-26 17:00
38,61,2022-08-26 17:00
38,64,2022-08-26 17:00
38,64,2022-08-26 17:00
39,65,2022-08-26 17:00
39,67,2022-08-26 17:00
39,69,2022-08-26 17:00
39,71,2022-08-26 17:00
38,72,2022-08-26 17:00
39,72,2022-08-26 17:00
39,74,2022-08-26 17:00
40,76,2022-08-26 17:00
39,76,2022-08-26 17:00
39,78,2022-08-26 17:00
39,80,2022-08-26 17:00
40,82,2022-08-26 17:00
40,83,2022-08-26 17:00
39,85,2022-08-26 17:00
38,86,2022-08-26 17:00
39,86,2022-08-26 17:00
39,88,2022-08-26 17:00
40,91,2022-08-26 17:00
39,92,2022-08-26 17:00
39,93,2022-08-26 17:00
39,93,2022-08-26 17:00
39,96,2022-08-26 17:00
40,98,2022-08-26 17:00
40,100,2022-08-26 17:00
39,100,2022-08-26 17:00
39,102,2022-08-26 17:00
39,103,2022-08-26 17:00
40,105,2022-08-26 17:00
39,106,2022-08-26 17:00
38,107,2022-08-26 17:00
39,109,2022-08-26 17:00
39,111,2022-08-26 17:00
40,111,2022-08-26 17:00
39,112,2022-08-26 17:00
39,114,2022-08-26 17:00
38,116,2022-08-26 17:00
39,117,2022-08-26 17:00
40,118,2022-08-26 17:00
40,119,2022-08-26 17:00
39,121,2022-08-26 17:00
38,122,2022-08-26 17:00
38,123,2022-08-26 17:00
38,124,2022-08-26 17:00
39,126,2022-08-26 17:00
39,128,2022-08-26 17:00
40,128,2022-08-26 17:00
40,129,2022-08-26 17:00
40,131,2022-08-26 17:00
39,132,2022-08-26 17:00
39,133,2022-08-26 17:00
40,134,2022-08-26 17:00
40,134,2022-08-26 17:00
40,136,2022-08-26 17:00
40,138,2022-08-26 17:00
40,140,2022-08-26 17:00
39,140,2022-08-26 17:00
39,140,2022-08-26 17:00
39,140,2022-08-26 17:00
40,140,2022-08-26 17:00
39,140,2022-08-26 17:00
40,140,2022-08-26 17:00
39,140,2022-08-26 17:00
40,139,2022-08-26 17:00
40,138,2022-08-26 17:00
40,137,2022-08-26 17:00
39,136,2022-08-26 17:00
40,134,2022-08-26 17:00
40,132,2022-08-26 17:00
39,131,2022-08-26 17:00
39,131,2022-08-26 17:00
39,129,2022-08-26 17:00
40,127,2022-08-26 17:00
39,125,2022-08-26 17:00
39,125,2022-08-26 17:00
39,123,2022-08-26 17:00
39,121,2022-08-26 17:00
39,120,2022-08-26 17:00
39,120,2022-08-26 17:00
39,117,2022-08-26 17:00
39,116,2022-08-26 17:00
40,115,2022-08-26 17:00
40,114,2022-08-26 17:00
40,113,2022-08-26 17:00
38,111,2022-08-26 17:00
39,109,2022-08-26 17:00
40,108,2022-08-26 17:00
40,108,2022-08-26 17:00
39,107,2022-08-26 17:00
38,104,2022-08-26 17:00
39,102,2022-08-26 17:00
40,102,2022-08-26 17:00
40,100,2022-08-26 17:00
40,99,2022-08-26 17:00
39,97,2022-08-26 17:00
38,94,2022-08-26 17:00
39,93,2022-08-26 17:00
39,92,2022-08-26 17:00
39,90,2022-08-26 17:00
39,88,2022-08-26 17:00
39,86,2022-08-26 17:00
40,85,2022-08-26 17:00
39,84,2022-08-26 17:00
39,83,2022-08-26 17:00
38,82,2022-08-26 17:00
39,80,2022-08-26 17:00
40,78,2022-08-26 17:00
40,77,2022-08-26 17:00
39,77,2022-08-26 17:00
39,74,2022-08-26 17:00
39,73,2022-08-26 17:00
40,71,2022-08-26 17:00
39,71,2022-08-26 17:00
38,68,2022-08-26 17:00
38,66,2022-08-26 17:00
39,66,2022-08-26 17:00
39,65,2022-08-26 17:00
40,63,2022-08-26 17:00
40,63,2022-08-26 17:00
40,61,2022-08-26 17:00
38,61,2022-08-26 17:00
38,59,2022-08-26 17:00
39,57,2022-08-26 17:00
39,57,2022-08-26 17:00
38,56,2022-08-26 17:00
38,56,2022-08-26 17:00
38,54,2022-08-26 17:00
40,51,2022-08-26 17:00
40,50,2022-08-26 17:00
40,49,2022-08-26 17:00
38,48,2022-08-26 17:00
38,47,2022-08-26 17:00
38,46,2022-08-26 17:00
38,45,2022-08-26 17:00
39,44,2022-08-26 17:00
38,42,2022-08-26 17:00
39,41,2022-08-26 17:00
38,40,2022-08-26 17:00
39,39,2022-08-26 17:00
40,39,2022-08-26 17:00
38,39,2022-08-26 17:00
40,39,2022-08-26 17:00
38,38,2022-08-26 17:00
39,37,2022-08-26 17:00
38,36,2022-08-26 17:00
38,37,2022-08-26 17:00
40,36,2022-08-26 17:00
40,37,2022-08-26 17:00
41,36,2022-08-26 17:00
40,36,2022-08-26 17:00
39,35,2022-08-26 17:00
39,36,2022-08-26 17:00
39,37,2022-08-26 17:00
39,36,2022-08-26 17:00
39,36,2022-08-26 17:00
39,37,2022-08-26 17:00
39,37,2022-08-26 17:00
38,37,2022-08-26 17:00
38,39,2022-08-26 17:00
39,40,2022-08-26 17:00
38,41,2022-08-26 17:00
39,42,2022-08-26 17:00
38,42,2022-08-26 17:00
39,44,2022-08-26 17:00
38,46,2022-08-26 17:00
38,47,2022-08-26 17:00
38,47,2022-08-26 17:00
39,48,2022-08-26 17:00
39,50,2022-08-26 17:00
39,51,2022-08-26 17:00
38,53,2022-08-26 17:00
38,54,2022-08-26 17:00
38,56,2022-08-26 17:00
39,58,2022-08-26 17:00
39,58,2022-08-26 17:00
40,60,2022-08-26 17:00
39,60,2022-08-26 17:00
40,62,2022-08-26 17:00
39,64,2022-08-26 17:00
39,65,2022-08-26 17:00
39,66,2022-08-26 17:00
40,68,2022-08-26 17:00
40,69,2022-08-26 17:00
40,71,2022-08-26 17:00
39,72,2022-08-26 17:00
39,73,2022-08-26 17:00
39,75,2022-08-26 17:00
39,77,2022-08-26 17:00
38,77,2022-08-26 17:00
39,79,2022-08-26 17:00
39,80,2022-08-26 17:00
40,83,2022-08-26 17:00
40,84,2022-08-26 17:00
40,85,2022-08-26 17:00
39,87,2022-08-26 17:00
39,87,2022-08-26 17:00
39,89,2022-08-26 17:00
40,91,2022-08-26 17:01
40,91,2022-08-26 17:01
39,94,2022-08-26 17:01
39,95,2022-08-26 17:01
39,97,2022-08-26 17:01
39,99,2022-08-26 17:01
39,101,2022-08-26 17:01
39,102,2022-08-26 17:01
40,103,2022-08-26 17:01
40,104,2022-08-26 17:01
39,106,2022-08-26 17:01
39,107,2022-08-26 17:01
39,108,2022-08-26 17:01
39,110,2022-08-26 17:01
39,111,2022-08-26 17:01
40,111,2022-08-26 17:01
39,113,2022-08-26 17:01
39,115,2022-08-26 17:01
38,116,2022-08-26 17:01
39,117,2022-08-26 17:01
39,119,2022-08-26 17:01
39,120,2022-08-26 17:01
39,121,2022-08-26 17:01
39,122,2022-08-26 17:01
40,124,2022-08-26 17:01
40,126,2022-08-26 17:01
40,127,2022-08-26 17:01
39,129,2022-08-26 17:01
39,129,2022-08-26 17:01
40,131,2022-08-26 17:01
40,131,2022-08-26 17:01
40,132,2022-08-26 17:01
39,134,2022-08-26 17:01
39,135,2022-08-26 17:01
39,134,2022-08-26 17:01
40,136,2022-08-26 17:01
41,138,2022-08-26 17:01
40,138,2022-08-26 17:01
40,140,2022-08-26 17:01
40,142,2022-08-26 17:01
39,142,2022-08-26 17:01
38,142,2022-08-26 17:01
39,143,2022-08-26 17:01
39,142,2022-08-26 17:01
40,142,2022-08-26 17:01
40,141,2022-08-26 17:01
40,141,2022-08-26 17:01
39,140,2022-08-26 17:01
38,139,2022-08-26 17:01
38,138,2022-08-26 17:01
39,137,2022-08-26 17:01
40,136,2022-08-26 17:01
40,133,2022-08-26 17:01
40,131,2022-08-26 17:01
40,130,2022-08-26 17:01
40,129,2022-08-26 17:01
39,128,2022-08-26 17:01
39,126,2022-08-26 17:01
39,125,2022-08-26 17:01
40,123,2022-08-26 17:01
41,122,2022-08-26 17:01
40,120,2022-08-26 17:01
40,119,2022-08-26 17:01
40,117,2022-08-26 17:01
39,115,2022-08-26 17:01
39,114,2022-08-26 17:01
38,113,2022-08-26 17:01
39,111,2022-08-26 17:01
39,109,2022-08-26 17:01
40,108,2022-08-26 17:01
39,107,2022-08-26 17:01
40,105,2022-08-26 17:01
40,102,2022-08-26 17:01
40,102,2022-08-26 17:01
40,100,2022-08-26 17:01
39,98,2022-08-26 17:01
39,98,2022-08-26 17:01
39,97,2022-08-26 17:01
39,93,2022-08-26 17:01
40,92,2022-08-26 17:01
40,92,2022-08-26 17:01
41,90,2022-08-26 17:01
40,87,2022-08-26 17:01
41,86,2022-08-26 17:01
40,85,2022-08-26 17:01
40,84,2022-08-26 17:01
39,82,2022-08-26 17:01
39,79,2022-08-26 17:01
39,79,2022-08-26 17:01
40,78,2022-08-26 17:01
40,76,2022-08-26 17:01
40,75,2022-08-26 17:01
39,72,2022-08-26 17:01
39,71,2022-08-26 17:01
39,71,2022-08-26 17:01
39,69,2022-08-26 17:01
39,67,2022-08-26 17:01
38,65,2022-08-26 17:01
38,64,2022-08-26 17:01
38,62,2022-08-26 17:01
40,61,2022-08-26 17:01
40,60,2022-08-26 17:01
39,59,2022-08-26 17:01
39,57,2022-08-26 17:01
39,57,2022-08-26 17:01
39,57,2022-08-26 17:01
39,56,2022-08-26 17:01
39,52,2022-08-26 17:01
40,50,2022-08-26 17:01
40,51,2022-08-26 17:01
40,49,2022-08-26 17:01
39,48,2022-08-26 17:01
39,46,2022-08-26 17:01
39,45,2022-08-26 17:01
39,44,2022-08-26 17:01
40,43,2022-08-26 17:01
40,41,2022-08-26 17:01
39,41,2022-08-26 17:01
39,39,2022-08-26 17:01
40,39,2022-08-26 17:01
41,39,2022-08-26 17:01
39,38,2022-08-26 17:01
40,38,2022-08-26 17:01
39,38,2022-08-26 17:01
39,37,2022-08-26 17:01
38,37,2022-08-26 17:01
38,37,2022-08-26 17:01
38,37,2022-08-26 17:01
38,37,2022-08-26 17:01
38,38,2022-08-26 17:01
39,37,2022-08-26 17:01
40,37,2022-08-26 17:01
41,37,2022-08-26 17:01
39,37,2022-08-26 17:01
40,38,2022-08-26 17:01
39,37,2022-08-26 17:01
39,37,2022-08-26 17:01
38,37,2022-08-26 17:01
39,37,2022-08-26 17:01
38,37,2022-08-26 17:01
38,38,2022-08-26 17:01
38,40,2022-08-26 17:01
38,41,2022-08-26 17:01
38,41,2022-08-26 17:01
38,42,2022-08-26 17:01
38,43,2022-08-26 17:01
39,44,2022-08-26 17:01
39,45,2022-08-26 17:01
39,46,2022-08-26 17:01
39,47,2022-08-26 17:01
39,47,2022-08-26 17:01
39,50,2022-08-26 17:01
39,50,2022-08-26 17:01
39,51,2022-08-26 17:01
38,53,2022-08-26 17:01
37,54,2022-08-26 17:01
38,57,2022-08-26 17:01
39,58,2022-08-26 17:01
40,60,2022-08-26 17:01
39,60,2022-08-26 17:01
39,61,2022-08-26 17:01
40,61,2022-08-26 17:01
39,62,2022-08-26 17:01
39,64,2022-08-26 17:01
38,65,2022-08-26 17:01
38,66,2022-08-26 17:01
39,68,2022-08-26 17:01
39,70,2022-08-26 17:01
39,71,2022-08-26 17:01
38,71,2022-08-26 17:01
38,74,2022-08-26 17:01
39,75,2022-08-26 17:01
39,77,2022-08-26 17:01
39,77,2022-08-26 17:01
39,79,2022-08-26 17:01
40,81,2022-08-26 17:01
39,82,2022-08-26 17:01
38,84,2022-08-26 17:01
39,84,2022-08-26 17:01
40,86,2022-08-26 17:01
39,87,2022-08-26 17:01
39,89,2022-08-26 17:01
38,89,2022-08-26 17:01
38,91,2022-08-26 17:01
38,92,2022-08-26 17:01
38,93,2022-08-26 17:01
39,96,2022-08-26 17:01
39,98,2022-08-26 17:01
40,98,2022-08-26 17:01
40,101,2022-08-26 17:01
40,102,2022-08-26 17:01
40,103,2022-08-26 17:01
40,105,2022-08-26 17:01
40,106,2022-08-26 17:01
39,107,2022-08-26 17:01
39,109,2022-08-26 17:01
40,110,2022-08-26 17:01
40,111,2022-08-26 17:01
40,112,2022-08-26 17:01
40,113,2022-08-26 17:01
40,115,2022-08-26 17:01
40,116,2022-08-26 17:01
39,117,2022-08-26 17:01
38,118,2022-08-26 17:01
39,119,2022-08-26 17:01
39,121,2022-08-26 17:01
39,121,2022-08-26 17:01
38,124,2022-08-26 17:01
38,125,2022-08-26 17:01
39,126,2022-08-26 17:01
40,127,2022-08-26 17:01
40,128,2022-08-26 17:01
40,130,2022-08-26 17:01
40,131,2022-08-26 17:01
41,132,2022-08-26 17:01
41,133,2022-08-26 17:01
40,135,2022-08-26 17:01
40,135,2022-08-26 17:01
40,135,2022-08-26 17:01
40,137,2022-08-26 17:01
41,139,2022-08-26 17:01
40,138,2022-08-26 17:01
40,138,2022-08-26 17:01
40,137,2022-08-26 17:01
40,138,2022-08-26 17:01
39,138,2022-08-26 17:01
40,137,2022-08-26 17:01
40,136,2022-08-26 17:01
40,135,2022-08-26 17:01
39,134,2022-08-26 17:01
39,132,2022-08-26 17:01
38,131,2022-08-26 17:01
39,129,2022-08-26 17:01
39,128,2022-08-26 17:01
40,127,2022-08-26 17:01
41,125,2022-08-26 17:01
40,123,2022-08-26 17:01
39,122,2022-08-26 17:01
39,122,2022-08-26 17:01
40,120,2022-08-26 17:01
39,118,2022-08-26 17:01
40,117,2022-08-26 17:01
39,116,2022-08-26 17:01
39,115,2022-08-26 17:01
39,113,2022-08-26 17:01
40,111,2022-08-26 17:01
40,111,2022-08-26 17:01
40,109,2022-08-26 17:01
40,108,2022-08-26 17:01
40,108,2022-08-26 17:01
39,105,2022-08-26 17:01
40,104,2022-08-26 17:01
40,102,2022-08-26 17:01
39,101,2022-08-26 17:01
39,99,2022-08-26 17:01
39,99,2022-08-26 17:01
40,98,2022-08-26 17:01
40,95,2022-08-26 17:01
40,92,2022-08-26 17:01
40,92,2022-08-26 17:01
39,91,2022-08-26 17:01
40,89,2022-08-26 17:01
40,87,2022-08-26 17:01
40,86,2022-08-26 17:01
41,85,2022-08-26 17:01
41,83,2022-08-26 17:01
40,81,2022-08-26 17:01
39,80,2022-08-26 17:01
39,78,2022-08-26 17:01
40,77,2022-08-26 17:02
40,77,2022-08-26 17:02
40,73,2022-08-26 17:02
39,72,2022-08-26 17:02
38,72,2022-08-26 17:02
38,70,2022-08-26 17:02
38,69,2022-08-26 17:02
38,66,2022-08-26 17:02
38,66,2022-08-26 17:02
39,65,2022-08-26 17:02
39,64,2022-08-26 17:02
39,62,2022-08-26 17:02
39,61,2022-08-26 17:02
40,60,2022-08-26 17:02
41,59,2022-08-26 17:02
41,58,2022-08-26 17:02
41,56,2022-08-26 17:02
40,55,2022-08-26 17:02
39,52,2022-08-26 17:02
38,51,2022-08-26 17:02
38,51,2022-08-26 17:02
39,49,2022-08-26 17:02
40,48,2022-08-26 17:02
40,47,2022-08-26 17:02
40,46,2022-08-26 17:02
39,45,2022-08-26 17:02
39,44,2022-08-26 17:02
39,42,2022-08-26 17:02
38,42,2022-08-26 17:02
39,40,2022-08-26 17:02
39,39,2022-08-26 17:02
40,39,2022-08-26 17:02
38,39,2022-08-26 17:02
39,39,2022-08-26 17:02
38,39,2022-08-26 17:02
40,38,2022-08-26 17:02
39,37,2022-08-26 17:02
40,37,2022-08-26 17:02
40,36,2022-08-26 17:02
40,36,2022-08-26 17:02
38,35,2022-08-26 17:02
37,35,2022-08-26 17:02
35,35,2022-08-26 17:02
38,35,2022-08-26 17:02
39,35,2022-08-26 17:02
41,35,2022-08-26 17:02
41,35,2022-08-26 17:02
40,35,2022-08-26 17:02
40,35,2022-08-26 17:02
39,36,2022-08-26 17:02
40,36,2022-08-26 17:02
39,37,2022-08-26 17:02
40,37,2022-08-26 17:02
39,38,2022-08-26 17:02
39,39,2022-08-26 17:02
39,40,2022-08-26 17:02
39,40,2022-08-26 17:02
39,42,2022-08-26 17:02
39,43,2022-08-26 17:02
40,44,2022-08-26 17:02
39,45,2022-08-26 17:02
40,47,2022-08-26 17:02
39,48,2022-08-26 17:02
40,49,2022-08-26 17:02
39,50,2022-08-26 17:02
39,50,2022-08-26 17:02
39,53,2022-08-26 17:02
40,54,2022-08-26 17:02
40,57,2022-08-26 17:02
39,58,2022-08-26 17:02
38,59,2022-08-26 17:02
38,61,2022-08-26 17:02
38,62,2022-08-26 17:02
39,62,2022-08-26 17:02
38,63,2022-08-26 17:02
39,65,2022-08-26 17:02
40,66,2022-08-26 17:02
41,68,2022-08-26 17:02
39,69,2022-08-26 17:02
39,70,2022-08-26 17:02
39,72,2022-08-26 17:02
39,73,2022-08-26 17:02
39,75,2022-08-26 17:02
39,76,2022-08-26 17:02
40,77,2022-08-26 17:02
40,80,2022-08-26 17:02
39,81,2022-08-26 17:02
39,82,2022-08-26 17:02
39,83,2022-08-26 17:02
39,85,2022-08-26 17:02
39,86,2022-08-26 17:02
39,87,2022-08-26 17:02
38,88,2022-08-26 17:02
39,90,2022-08-26 17:02
39,92,2022-08-26 17:02
40,92,2022-08-26 17:02
39,93,2022-08-26 17:02
39,95,2022-08-26 17:02
38,97,2022-08-26 17:02
39,99,2022-08-26 17:02
39,99,2022-08-26 17:02
39,100,2022-08-26 17:02
40,103,2022-08-26 17:02
40,104,2022-08-26 17:02
40,105,2022-08-26 17:02
40,107,2022-08-26 17:02
40,108,2022-08-26 17:02
40,109,2022-08-26 17:02
39,111,2022-08-26 17:02
39,111,2022-08-26 17:02
38,112,2022-08-26 17:02
39,114,2022-08-26 17:02
39,115,2022-08-26 17:02
39,117,2022-08-26 17:02
39,118,2022-08-26 17:02
39,120,2022-08-26 17:02
40,121,2022-08-26 17:02
41,122,2022-08-26 17:02
40,123,2022-08-26 17:02
40,123,2022-08-26 17:02
39,125,2022-08-26 17:02
40,125,2022-08-26 17:02
40,125,2022-08-26 17:02
40,126,2022-08-26 17:02
40,125,2022-08-26 17:02
40,126,2022-08-26 17:02
40,128,2022-08-26 17:02
39,129,2022-08-26 17:02
38,130,2022-08-26 17:02
39,131,2022-08-26 17:02
40,131,2022-08-26 17:02
39,132,2022-08-26 17:02
40,132,2022-08-26 17:02
39,132,2022-08-26 17:02
40,132,2022-08-26 17:02
40,132,2022-08-26 17:02
40,132,2022-08-26 17:02
40,131,2022-08-26 17:02
40,130,2022-08-26 17:02
40,129,2022-08-26 17:02
39,128,2022-08-26 17:02
38,127,2022-08-26 17:02
39,126,2022-08-26 17:02
40,124,2022-08-26 17:02
40,123,2022-08-26 17:02
40,122,2022-08-26 17:02
40,120,2022-08-26 17:02
40,119,2022-08-26 17:02
40,116,2022-08-26 17:02
40,115,2022-08-26 17:02
40,114,2022-08-26 17:02
40,112,2022-08-26 17:02
40,111,2022-08-26 17:02
40,109,2022-08-26 17:02
40,108,2022-08-26 17:02
39,106,2022-08-26 17:02
40,106,2022-08-26 17:02
40,104,2022-08-26 17:02
40,102,2022-08-26 17:02
39,101,2022-08-26 17:02
40,99,2022-08-26 17:02
39,98,2022-08-26 17:02
39,95,2022-08-26 17:02
39,93,2022-08-26 17:02
39,93,2022-08-26 17:02
39,92,2022-08-26 17:02
40,90,2022-08-26 17:02
40,89,2022-08-26 17:02
40,87,2022-08-26 17:02
39,85,2022-08-26 17:02
39,84,2022-08-26 17:02
39,84,2022-08-26 17:02
40,83,2022-08-26 17:02
40,80,2022-08-26 17:02
40,79,2022-08-26 17:02
40,78,2022-08-26 17:02
40,77,2022-08-26 17:02
40,77,2022-08-26 17:02
39,74,2022-08-26 17:02
39,72,2022-08-26 17:02
40,72,2022-08-26 17:02
40,70,2022-08-26 17:02
40,68,2022-08-26 17:02
40,66,2022-08-26 17:02
40,66,2022-08-26 17:02
39,65,2022-08-26 17:02
38,64,2022-08-26 17:02
39,62,2022-08-26 17:02
39,62,2022-08-26 17:02
40,60,2022-08-26 17:02
40,59,2022-08-26 17:02
40,58,2022-08-26 17:02
40,58,2022-08-26 17:02
39,57,2022-08-26 17:02
39,55,2022-08-26 17:02
38,52,2022-08-26 17:02
38,51,2022-08-26 17:02
38,51,2022-08-26 17:02
39,50,2022-08-26 17:02
40,48,2022-08-26 17:02
40,47,2022-08-26 17:02
40,45,2022-08-26 17:02
40,44,2022-08-26 17:02
40,44,2022-08-26 17:02
39,42,2022-08-26 17:02
39,41,2022-08-26 17:02
39,40,2022-08-26 17:02
39,40,2022-08-26 17:02
38,40,2022-08-26 17:02
38,39,2022-08-26 17:02
39,39,2022-08-26 17:02
39,38,2022-08-26 17:02
41,38,2022-08-26 17:02
40,37,2022-08-26 17:02
39,36,2022-08-26 17:02
39,36,2022-08-26 17:02
40,36,2022-08-26 17:02
39,36,2022-08-26 17:02
39,35,2022-08-26 17:02
38,35,2022-08-26 17:02
40,35,2022-08-26 17:02
40,36,2022-08-26 17:02
40,36,2022-08-26 17:02
38,35,2022-08-26 17:02
39,35,2022-08-26 17:02
37,36,2022-08-26 17:02
38,35,2022-08-26 17:02
37,36,2022-08-26 17:02
37,36,2022-08-26 17:02
38,36,2022-08-26 17:02
38,36,2022-08-26 17:02
38,36,2022-08-26 17:02
38,37,2022-08-26 17:02
38,38,2022-08-26 17:02
38,39,2022-08-26 17:02
39,40,2022-08-26 17:02
39,41,2022-08-26 17:02
39,42,2022-08-26 17:02
38,43,2022-08-26 17:02
39,44,2022-08-26 17:02
39,45,2022-08-26 17:02
40,46,2022-08-26 17:02
40,47,2022-08-26 17:02
40,48,2022-08-26 17:02
39,48,2022-08-26 17:02
39,50,2022-08-26 17:02
40,51,2022-08-26 17:02
39,53,2022-08-26 17:02
39,54,2022-08-26 17:02
39,56,2022-08-26 17:02
39,57,2022-08-26 17:02
40,57,2022-08-26 17:02
40,60,2022-08-26 17:02
40,62,2022-08-26 17:02
39,62,2022-08-26 17:02
39,62,2022-08-26 17:02
39,65,2022-08-26 17:02
39,65,2022-08-26 17:02
39,67,2022-08-26 17:02
39,69,2022-08-26 17:02
39,70,2022-08-26 17:02
39,72,2022-08-26 17:02
38,73,2022-08-26 17:02
39,74,2022-08-26 17:02
39,76,2022-08-26 17:02
39,77,2022-08-26 17:02
39,79,2022-08-26 17:02
39,81,2022-08-26 17:02
39,81,2022-08-26 17:03
39,83,2022-08-26 17:03
38,85,2022-08-26 17:03
39,86,2022-08-26 17:03
38,87,2022-08-26 17:03
39,88,2022-08-26 17:03
39,90,2022-08-26 17:03
40,92,2022-08-26 17:03
39,92,2022-08-26 17:03
39,93,2022-08-26 17:03
38,96,2022-08-26 17:03
38,98,2022-08-26 17:03
38,99,2022-08-26 17:03
38,101,2022-08-26 17:03
39,102,2022-08-26 17:03
40,103,2022-08-26 17:03
40,105,2022-08-26 17:03
40,106,2022-08-26 17:03
39,107,2022-08-26 17:03
40,108,2022-08-26 17:03
39,109,2022-08-26 17:03
39,110,2022-08-26 17:03
39,111,2022-08-26 17:03
39,114,2022-08-26 17:03
39,114,2022-08-26 17:03
39,116,2022-08-26 17:03
40,117,2022-08-26 17:03
40,118,2022-08-26 17:03
40,121,2022-08-26 17:03
41,121,2022-08-26 17:03
41,122,2022-08-26 17:03
40,123,2022-08-26 17:03
39,125,2022-08-26 17:03
39,127,2022-08-26 17:03
39,128,2022-08-26 17:03
40,128,2022-08-26 17:03
40,129,2022-08-26 17:03
41,132,2022-08-26 17:03
41,132,2022-08-26 17:03
41,133,2022-08-26 17:03
41,134,2022-08-26 17:03
39,135,2022-08-26 17:03
38,135,2022-08-26 17:03
38,137,2022-08-26 17:03
39,136,2022-08-26 17:03
39,137,2022-08-26 17:03
40,137,2022-08-26 17:03
39,136,2022-08-26 17:03
39,136,2022-08-26 17:03
39,136,2022-08-26 17:03
40,135,2022-08-26 17:03
40,134,2022-08-26 17:03
40,132,2022-08-26 17:03
40,132,2022-08-26 17:03
39,130,2022-08-26 17:03
39,129,2022-08-26 17:03
39,127,2022-08-26 17:03
40,126,2022-08-26 17:03
39,124,2022-08-26 17:03
39,122,2022-08-26 17:03
39,121,2022-08-26 17:03
40,120,2022-08-26 17:03
41,119,2022-08-26 17:03
41,118,2022-08-26 17:03
41,116,2022-08-26 17:03
40,114,2022-08-26 17:03
40,113,2022-08-26 17:03
40,112,2022-08-26 17:03
40,110,2022-08-26 17:03
40,109,2022-08-26 17:03
40,107,2022-08-26 17:03
39,107,2022-08-26 17:03
39,106,2022-08-26 17:03
38,103,2022-08-26 17:03
39,101,2022-08-26 17:03
39,100,2022-08-26 17:03
39,99,2022-08-26 17:03
40,99,2022-08-26 17:03
40,96,2022-08-26 17:03
40,94,2022-08-26 17:03
39,93,2022-08-26 17:03
37,92,2022-08-26 17:03
37,90,2022-08-26 17:03
38,88,2022-08-26 17:03
39,87,2022-08-26 17:03
39,86,2022-08-26 17:03
39,84,2022-08-26 17:03
39,82,2022-08-26 17:03
39,81,2022-08-26 17:03
38,80,2022-08-26 17:03
39,78,2022-08-26 17:03
39,77,2022-08-26 17:03
40,75,2022-08-26 17:03
39,74,2022-08-26 17:03
40,72,2022-08-26 17:03
40,71,2022-08-26 17:03
40,69,2022-08-26 17:03
40,68,2022-08-26 17:03
39,67,2022-08-26 17:03
40,65,2022-08-26 17:03
40,64,2022-08-26 17:03
41,63,2022-08-26 17:03
39,62,2022-08-26 17:03
38,60,2022-08-26 17:03
39,59,2022-08-26 17:03
40,59,2022-08-26 17:03
41,57,2022-08-26 17:03
41,56,2022-08-26 17:03
41,55,2022-08-26 17:03
40,53,2022-08-26 17:03
39,52,2022-08-26 17:03
38,51,2022-08-26 17:03
37,50,2022-08-26 17:03
37,49,2022-08-26 17:03
38,48,2022-08-26 17:03
38,47,2022-08-26 17:03
38,46,2022-08-26 17:03
37,44,2022-08-26 17:03
39,44,2022-08-26 17:03
39,42,2022-08-26 17:03
40,41,2022-08-26 17:03
39,40,2022-08-26 17:03
39,39,2022-08-26 17:03
39,39,2022-08-26 17:03
39,39,2022-08-26 17:03
38,39,2022-08-26 17:03
38,38,2022-08-26 17:03
38,38,2022-08-26 17:03
38,37,2022-08-26 17:03
38,37,2022-08-26 17:03
38,36,2022-08-26 17:03
38,36,2022-08-26 17:03
38,36,2022-08-26 17:03
38,36,2022-08-26 17:03
38,36,2022-08-26 17:03
38,35,2022-08-26 17:03
38,35,2022-08-26 17:03
37,36,2022-08-26 17:03
37,36,2022-08-26 17:03
37,36,2022-08-26 17:03
38,36,2022-08-26 17:03
39,36,2022-08-26 17:03
39,37,2022-08-26 17:03
39,37,2022-08-26 17:03
39,37,2022-08-26 17:03
39,38,2022-08-26 17:03
39,39,2022-08-26 17:03
39,40,2022-08-26 17:03
39,41,2022-08-26 17:03
39,42,2022-08-26 17:03
38,44,2022-08-26 17:03
38,44,2022-08-26 17:03
38,46,2022-08-26 17:03
39,48,2022-08-26 17:03
39,48,2022-08-26 17:03
39,49,2022-08-26 17:03
38,50,2022-08-26 17:03
38,52,2022-08-26 17:03
39,54,2022-08-26 17:03
40,55,2022-08-26 17:03
40,56,2022-08-26 17:03
40,58,2022-08-26 17:03
39,59,2022-08-26 17:03
39,61,2022-08-26 17:03
39,61,2022-08-26 17:03
39,62,2022-08-26 17:03
39,64,2022-08-26 17:03
39,65,2022-08-26 17:03
39,66,2022-08-26 17:03
39,68,2022-08-26 17:03
39,70,2022-08-26 17:03
39,71,2022-08-26 17:03
39,73,2022-08-26 17:03
39,74,2022-08-26 17:03
39,75,2022-08-26 17:03
39,77,2022-08-26 17:03
39,78,2022-08-26 17:03
39,80,2022-08-26 17:03
40,81,2022-08-26 17:03
40,82,2022-08-26 17:03
39,84,2022-08-26 17:03
38,85,2022-08-26 17:03
39,86,2022-08-26 17:03
40,88,2022-08-26 17:03
39,89,2022-08-26 17:03
39,91,2022-08-26 17:03
39,92,2022-08-26 17:03
39,93,2022-08-26 17:03
40,95,2022-08-26 17:03
40,97,2022-08-26 17:03
40,98,2022-08-26 17:03
40,99,2022-08-26 17:03
40,101,2022-08-26 17:03
40,102,2022-08-26 17:03
40,104,2022-08-26 17:03
40,105,2022-08-26 17:03
39,107,2022-08-26 17:03
40,107,2022-08-26 17:03
39,109,2022-08-26 17:03
39,110,2022-08-26 17:03
38,111,2022-08-26 17:03
39,113,2022-08-26 17:03
38,114,2022-08-26 17:03
38,115,2022-08-26 17:03
39,117,2022-08-26 17:03
39,118,2022-08-26 17:03
40,119,2022-08-26 17:03
40,121,2022-08-26 17:03
40,122,2022-08-26 17:03
40,122,2022-08-26 17:03
39,125,2022-08-26 17:03
40,126,2022-08-26 17:03
39,127,2022-08-26 17:03
40,128,2022-08-26 17:03
40,129,2022-08-26 17:03
39,130,2022-08-26 17:03
39,132,2022-08-26 17:03
39,133,2022-08-26 17:03
40,134,2022-08-26 17:03
40,135,2022-08-26 17:03
39,136,2022-08-26 17:03
39,139,2022-08-26 17:03
39,138,2022-08-26 17:03
40,139,2022-08-26 17:03
39,138,2022-08-26 17:03
39,139,2022-08-26 17:03
39,139,2022-08-26 17:03
39,139,2022-08-26 17:03
40,138,2022-08-26 17:03
40,138,2022-08-26 17:03
40,137,2022-08-26 17:03
40,137,2022-08-26 17:03
39,136,2022-08-26 17:03
39,134,2022-08-26 17:03
38,132,2022-08-26 17:03
40,131,2022-08-26 17:03
40,130,2022-08-26 17:03
40,128,2022-08-26 17:03
39,126,2022-08-26 17:03
39,126,2022-08-26 17:03
39,124,2022-08-26 17:03
39,123,2022-08-26 17:03
40,121,2022-08-26 17:03
40,120,2022-08-26 17:03
41,119,2022-08-26 17:03
41,118,2022-08-26 17:03
41,116,2022-08-26 17:03
40,114,2022-08-26 17:03
39,113,2022-08-26 17:03
38,112,2022-08-26 17:03
39,109,2022-08-26 17:03
39,107,2022-08-26 17:03
40,107,2022-08-26 17:03
39,107,2022-08-26 17:03
39,105,2022-08-26 17:03
40,103,2022-08-26 17:03
41,102,2022-08-26 17:03
40,100,2022-08-26 17:03
39,99,2022-08-26 17:03
39,99,2022-08-26 17:03
40,98,2022-08-26 17:03
40,97,2022-08-26 17:03
39,94,2022-08-26 17:03
38,93,2022-08-26 17:03
38,92,2022-08-26 17:03
39,91,2022-08-26 17:03
41,89,2022-08-26 17:03
41,87,2022-08-26 17:03
40,85,2022-08-26 17:03
40,84,2022-08-26 17:04
40,83,2022-08-26 17:04
39,81,2022-08-26 17:04
38,80,2022-08-26 17:04
38,78,2022-08-26 17:04
40,77,2022-08-26 17:04
40,76,2022-08-26 17:04
40,74,2022-08-26 17:04
39,72,2022-08-26 17:04
38,71,2022-08-26 17:04
37,70,2022-08-26 17:04
37,68,2022-08-26 17:04
36,67,2022-08-26 17:04
37,66,2022-08-26 17:04
39,65,2022-08-26 17:04
40,62,2022-08-26 17:04
39,61,2022-08-26 17:04
39,60,2022-08-26 17:04
39,59,2022-08-26 17:04
41,58,2022-08-26 17:04
41,57,2022-08-26 17:04
40,55,2022-08-26 17:04
39,53,2022-08-26 17:04
40,51,2022-08-26 17:04
40,50,2022-08-26 17:04
41,50,2022-08-26 17:04
39,48,2022-08-26 17:04
39,47,2022-08-26 17:04
38,47,2022-08-26 17:04
39,45,2022-08-26 17:04
39,44,2022-08-26 17:04
39,44,2022-08-26 17:04
40,42,2022-08-26 17:04
40,41,2022-08-26 17:04
40,40,2022-08-26 17:04
40,39,2022-08-26 17:04
40,39,2022-08-26 17:04
39,39,2022-08-26 17:04
38,38,2022-08-26 17:04
39,38,2022-08-26 17:04
38,37,2022-08-26 17:04
38,37,2022-08-26 17:04
38,36,2022-08-26 17:04
39,36,2022-08-26 17:04
40,36,2022-08-26 17:04
40,36,2022-08-26 17:04
39,37,2022-08-26 17:04
38,37,2022-08-26 17:04
38,37,2022-08-26 17:04
39,37,2022-08-26 17:04
40,36,2022-08-26 17:04
39,36,2022-08-26 17:04
39,37,2022-08-26 17:04
39,37,2022-08-26 17:04
39,37,2022-08-26 17:04
39,38,2022-08-26 17:04
38,39,2022-08-26 17:04
39,40,2022-08-26 17:04
38,41,2022-08-26 17:04
39,42,2022-08-26 17:04
38,43,2022-08-26 17:04
39,43,2022-08-26 17:04
38,45,2022-08-26 17:04
39,47,2022-08-26 17:04
38,47,2022-08-26 17:04
39,49,2022-08-26 17:04
39,50,2022-08-26 17:04
39,51,2022-08-26 17:04
39,52,2022-08-26 17:04
39,54,2022-08-26 17:04
38,57,2022-08-26 17:04
39,58,2022-08-26 17:04
40,58,2022-08-26 17:04
41,61,2022-08-26 17:04
40,62,2022-08-26 17:04
39,62,2022-08-26 17:04
39,63,2022-08-26 17:04
40,65,2022-08-26 17:04
40,66,2022-08-26 17:04
40,67,2022-08-26 17:04
39,68,2022-08-26 17:04
39,70,2022-08-26 17:04
38,72,2022-08-26 17:04
39,73,2022-08-26 17:04
39,75,2022-08-26 17:04
39,76,2022-08-26 17:04
40,77,2022-08-26 17:04
40,79,2022-08-26 17:04
40,80,2022-08-26 17:04
39,82,2022-08-26 17:04
39,83,2022-08-26 17:04
40,84,2022-08-26 17:04
40,86,2022-08-26 17:04
40,87,2022-08-26 17:04
40,88,2022-08-26 17:04
40,90,2022-08-26 17:04
40,92,2022-08-26 17:04
40,92,2022-08-26 17:04
40,93,2022-08-26 17:04
39,96,2022-08-26 17:04
40,97,2022-08-26 17:04
40,98,2022-08-26 17:04
40,100,2022-08-26 17:04
40,102,2022-08-26 17:04
39,103,2022-08-26 17:04
39,103,2022-08-26 17:04
39,106,2022-08-26 17:04
40,107,2022-08-26 17:04
39,108,2022-08-26 17:04
39,108,2022-08-26 17:04
38,109,2022-08-26 17:04
39,110,2022-08-26 17:04
39,110,2022-08-26 17:04
40,111,2022-08-26 17:04
40,113,2022-08-26 17:04
40,113,2022-08-26 17:04
40,114,2022-08-26 17:04
39,115,2022-08-26 17:04
40,115,2022-08-26 17:04
39,117,2022-08-26 17:04
40,118,2022-08-26 17:04
39,119,2022-08-26 17:04
40,121,2022-08-26 17:04
39,122,2022-08-26 17:04
40,123,2022-08-26 17:04
40,125,2022-08-26 17:04
40,126,2022-08-26 17:04
40,127,2022-08-26 17:04
40,128,2022-08-26 17:04
39,130,2022-08-26 17:04
39,131,2022-08-26 17:04
39,132,2022-08-26 17:04
39,132,2022-08-26 17:04
39,135,2022-08-26 17:04
40,135,2022-08-26 17:04
40,134,2022-08-26 17:04
40,135,2022-08-26 17:04
40,135,2022-08-26 17:04
41,135,2022-08-26 17:04
41,134,2022-08-26 17:04
40,134,2022-08-26 17:04
40,133,2022-08-26 17:04
40,131,2022-08-26 17:04
39,130,2022-08-26 17:04
39,129,2022-08-26 17:04
40,127,2022-08-26 17:04
40,126,2022-08-26 17:04
41,125,2022-08-26 17:04
41,124,2022-08-26 17:04
40,122,2022-08-26 17:04
40,120,2022-08-26 17:04
40,119,2022-08-26 17:04
40,117,2022-08-26 17:04
40,115,2022-08-26 17:04
40,113,2022-08-26 17:04
41,113,2022-08-26 17:04
41,111,2022-08-26 17:04
41,109,2022-08-26 17:04
40,107,2022-08-26 17:04
40,107,2022-08-26 17:04
39,107,2022-08-26 17:04
39,104,2022-08-26 17:04
38,102,2022-08-26 17:04
39,100,2022-08-26 17:04
40,100,2022-08-26 17:04
41,99,2022-08-26 17:04
40,96,2022-08-26 17:04
39,95,2022-08-26 17:04
39,93,2022-08-26 17:04
39,91,2022-08-26 17:04
39,90,2022-08-26 17:04
40,89,2022-08-26 17:04
39,88,2022-08-26 17:04
40,86,2022-08-26 17:04
39,84,2022-08-26 17:04
40,84,2022-08-26 17:04
39,82,2022-08-26 17:04
40,80,2022-08-26 17:04
39,79,2022-08-26 17:04
39,77,2022-08-26 17:04
39,76,2022-08-26 17:04
38,75,2022-08-26 17:04
38,73,2022-08-26 17:04
38,71,2022-08-26 17:04
39,70,2022-08-26 17:04
40,69,2022-08-26 17:04
40,67,2022-08-26 17:04
39,66,2022-08-26 17:04
38,65,2022-08-26 17:04
38,64,2022-08-26 17:04
39,62,2022-08-26 17:04
40,61,2022-08-26 17:04
39,60,2022-08-26 17:04
40,59,2022-08-26 17:04
39,58,2022-08-26 17:04
40,57,2022-08-26 17:04
38,55,2022-08-26 17:04
39,54,2022-08-26 17:04
39,52,2022-08-26 17:04
40,50,2022-08-26 17:04
40,51,2022-08-26 17:04
39,49,2022-08-26 17:04
38,48,2022-08-26 17:04
38,47,2022-08-26 17:04
39,46,2022-08-26 17:04
39,45,2022-08-26 17:04
38,44,2022-08-26 17:04
38,42,2022-08-26 17:04
38,42,2022-08-26 17:04
38,40,2022-08-26 17:04
38,40,2022-08-26 17:04
37,39,2022-08-26 17:04
38,39,2022-08-26 17:04
38,39,2022-08-26 17:04
39,39,2022-08-26 17:04
39,38,2022-08-26 17:04
39,38,2022-08-26 17:04
39,37,2022-08-26 17:04
40,36,2022-08-26 17:04
39,36,2022-08-26 17:04
39,35,2022-08-26 17:04
38,36,2022-08-26 17:04
38,36,2022-08-26 17:04
38,35,2022-08-26 17:04
39,36,2022-08-26 17:04
39,36,2022-08-26 17:04
38,36,2022-08-26 17:04
37,35,2022-08-26 17:04
38,35,2022-08-26 17:04
40,35,2022-08-26 17:04
41,36,2022-08-26 17:04
39,36,2022-08-26 17:04
38,36,2022-08-26 17:04
38,37,2022-08-26 17:04
38,36,2022-08-26 17:04
39,37,2022-08-26 17:04
39,38,2022-08-26 17:04
40,39,2022-08-26 17:04
39,40,2022-08-26 17:04
39,41,2022-08-26 17:04
39,42,2022-08-26 17:04
40,43,2022-08-26 17:04
40,44,2022-08-26 17:04
39,45,2022-08-26 17:04
39,46,2022-08-26 17:04
39,47,2022-08-26 17:04
39,48,2022-08-26 17:04
38,50,2022-08-26 17:04
38,52,2022-08-26 17:04
39,52,2022-08-26 17:04
39,54,2022-08-26 17:04
39,55,2022-08-26 17:04
39,57,2022-08-26 17:04
40,58,2022-08-26 17:04
40,60,2022-08-26 17:04
39,61,2022-08-26 17:04
39,62,2022-08-26 17:04
40,63,2022-08-26 17:04
40,65,2022-08-26 17:04
40,66,2022-08-26 17:04
39,67,2022-08-26 17:04
38,69,2022-08-26 17:04
38,70,2022-08-26 17:04
38,72,2022-08-26 17:04
38,73,2022-08-26 17:04
38,74,2022-08-26 17:04
38,75,2022-08-26 17:04
39,77,2022-08-26 17:04
40,78,2022-08-26 17:05
40,79,2022-08-26 17:05
39,80,2022-08-26 17:05
39,82,2022-08-26 17:05
39,83,2022-08-26 17:05
39,85,2022-08-26 17:05
40,86,2022-08-26 17:05
40,87,2022-08-26 17:05
40,89,2022-08-26 17:05
40,91,2022-08-26 17:05
40,91,2022-08-26 17:05
40,93,2022-08-26 17:05
40,95,2022-08-26 17:05
40,97,2022-08-26 17:05
39,99,2022-08-26 17:05
40,100,2022-08-26 17:05
40,101,2022-08-26 17:05
39,102,2022-08-26 17:05
38,104,2022-08-26 17:05
39,105,2022-08-26 17:05
40,107,2022-08-26 17:05
39,108,2022-08-26 17:05
39,109,2022-08-26 17:05
38,110,2022-08-26 17:05
39,111,2022-08-26 17:05
39,113,2022-08-26 17:05
40,114,2022-08-26 17:05
39,116,2022-08-26 17:05
40,117,2022-08-26 17:05
40,118,2022-08-26 17:05
40,119,2022-08-26 17:05
39,121,2022-08-26 17:05
40,122,2022-08-26 17:05
40,123,2022-08-26 17:05
40,124,2022-08-26 17:05
39,125,2022-08-26 17:05
39,127,2022-08-26 17:05
39,128,2022-08-26 17:05
39,129,2022-08-26 17:05
39,130,2022-08-26 17:05
38,131,2022-08-26 17:05
38,133,2022-08-26 17:05
40,134,2022-08-26 17:05
40,135,2022-08-26 17:05
40,135,2022-08-26 17:05
39,137,2022-08-26 17:05
40,136,2022-08-26 17:05
40,137,2022-08-26 17:05
40,136,2022-08-26 17:05
40,137,2022-08-26 17:05
40,136,2022-08-26 17:05
40,136,2022-08-26 17:05
40,137,2022-08-26 17:05
40,135,2022-08-26 17:05
39,134,2022-08-26 17:05
40,133,2022-08-26 17:05
40,131,2022-08-26 17:05
40,130,2022-08-26 17:05
40,129,2022-08-26 17:05
40,127,2022-08-26 17:05
40,126,2022-08-26 17:05
39,124,2022-08-26 17:05
39,123,2022-08-26 17:05
40,121,2022-08-26 17:05
40,120,2022-08-26 17:05
39,118,2022-08-26 17:05
39,116,2022-08-26 17:05
39,114,2022-08-26 17:05
40,114,2022-08-26 17:05
40,113,2022-08-26 17:05
39,111,2022-08-26 17:05
38,108,2022-08-26 17:05
38,107,2022-08-26 17:05
39,106,2022-08-26 17:05
40,105,2022-08-26 17:05
40,104,2022-08-26 17:05
39,102,2022-08-26 17:05
39,100,2022-08-26 17:05
39,99,2022-08-26 17:05
39,97,2022-08-26 17:05
40,96,2022-08-26 17:05
40,93,2022-08-26 17:05
40,92,2022-08-26 17:05
40,91,2022-08-26 17:05
39,90,2022-08-26 17:05
39,88,2022-08-26 17:05
39,87,2022-08-26 17:05
39,85,2022-08-26 17:05
40,84,2022-08-26 17:05
41,83,2022-08-26 17:05
41,81,2022-08-26 17:05
41,79,2022-08-26 17:05
40,78,2022-08-26 17:05
40,77,2022-08-26 17:05
40,76,2022-08-26 17:05
40,75,2022-08-26 17:05
41,73,2022-08-26 17:05
40,71,2022-08-26 17:05
40,70,2022-08-26 17:05
39,68,2022-08-26 17:05
39,67,2022-08-26 17:05
38,66,2022-08-26 17:05
39,65,2022-08-26 17:05
40,63,2022-08-26 17:05
41,63,2022-08-26 17:05
39,62,2022-08-26 17:05
39,60,2022-08-26 17:05
39,60,2022-08-26 17:05
40,58,2022-08-26 17:05
39,58,2022-08-26 17:05
39,55,2022-08-26 17:05
38,54,2022-08-26 17:05
39,52,2022-08-26 17:05
40,51,2022-08-26 17:05
40,50,2022-08-26 17:05
41,49,2022-08-26 17:05
41,48,2022-08-26 17:05
41,48,2022-08-26 17:05
41,45,2022-08-26 17:05
40,45,2022-08-26 17:05
40,44,2022-08-26 17:05
39,43,2022-08-26 17:05
39,42,2022-08-26 17:05
39,42,2022-08-26 17:05
40,40,2022-08-26 17:05
39,40,2022-08-26 17:05
39,40,2022-08-26 17:05
39,39,2022-08-26 17:05
39,40,2022-08-26 17:05
39,39,2022-08-26 17:05
39,38,2022-08-26 17:05
40,37,2022-08-26 17:05
39,37,2022-08-26 17:05
38,37,2022-08-26 17:05
38,36,2022-08-26 17:05
37,36,2022-08-26 17:05
37,36,2022-08-26 17:05
36,36,2022-08-26 17:05
36,36,2022-08-26 17:05
37,37,2022-08-26 17:05
38,36,2022-08-26 17:05
40,36,2022-08-26 17:05
41,36,2022-08-26 17:05
40,36,2022-08-26 17:05
39,36,2022-08-26 17:05
39,37,2022-08-26 17:05
39,37,2022-08-26 17:05
39,38,2022-08-26 17:05
39,39,2022-08-26 17:05
39,40,2022-08-26 17:05
40,41,2022-08-26 17:05
40,43,2022-08-26 17:05
39,43,2022-08-26 17:05
38,45,2022-08-26 17:05
39,46,2022-08-26 17:05
40,47,2022-08-26 17:05
39,48,2022-08-26 17:05
39,50,2022-08-26 17:05
39,50,2022-08-26 17:05
40,51,2022-08-26 17:05
40,53,2022-08-26 17:05
39,54,2022-08-26 17:05
39,57,2022-08-26 17:05
39,58,2022-08-26 17:05
39,59,2022-08-26 17:05
39,61,2022-08-26 17:05
39,62,2022-08-26 17:05
39,63,2022-08-26 17:05
39,64,2022-08-26 17:05
39,65,2022-08-26 17:05
39,67,2022-08-26 17:05
39,68,2022-08-26 17:05
38,69,2022-08-26 17:05
39,72,2022-08-26 17:05
39,72,2022-08-26 17:05
40,74,2022-08-26 17:05
40,76,2022-08-26 17:05
40,77,2022-08-26 17:05
40,78,2022-08-26 17:05
40,79,2022-08-26 17:05
40,80,2022-08-26 17:05
40,82,2022-08-26 17:05
40,83,2022-08-26 17:05
40,85,2022-08-26 17:05
40,85,2022-08-26 17:05
40,87,2022-08-26 17:05
39,89,2022-08-26 17:05
39,91,2022-08-26 17:05
39,92,2022-08-26 17:05
39,93,2022-08-26 17:05
40,95,2022-08-26 17:05
40,97,2022-08-26 17:05
39,98,2022-08-26 17:05
39,99,2022-08-26 17:05
39,101,2022-08-26 17:05
40,102,2022-08-26 17:05
39,103,2022-08-26 17:05
39,105,2022-08-26 17:05
39,106,2022-08-26 17:05
40,107,2022-08-26 17:05
39,108,2022-08-26 17:05
38,110,2022-08-26 17:05
38,110,2022-08-26 17:05
39,113,2022-08-26 17:05
39,114,2022-08-26 17:05
39,115,2022-08-26 17:05
39,117,2022-08-26 17:05
39,118,2022-08-26 17:05
39,119,2022-08-26 17:05
40,121,2022-08-26 17:05
40,122,2022-08-26 17:05
40,123,2022-08-26 17:05
40,124,2022-08-26 17:05
40,125,2022-08-26 17:05
40,127,2022-08-26 17:05
40,128,2022-08-26 17:05
40,129,2022-08-26 17:05
40,130,2022-08-26 17:05
39,131,2022-08-26 17:05
39,132,2022-08-26 17:05
40,133,2022-08-26 17:05
40,134,2022-08-26 17:05
40,135,2022-08-26 17:05
40,137,2022-08-26 17:05
41,138,2022-08-26 17:05
41,140,2022-08-26 17:05
40,140,2022-08-26 17:05
40,140,2022-08-26 17:05
40,140,2022-08-26 17:05
40,140,2022-08-26 17:05
39,140,2022-08-26 17:05
39,140,2022-08-26 17:05
39,139,2022-08-26 17:05
39,138,2022-08-26 17:05
40,138,2022-08-26 17:05
40,137,2022-08-26 17:05
39,136,2022-08-26 17:05
38,134,2022-08-26 17:05
39,132,2022-08-26 17:05
39,131,2022-08-26 17:05
39,130,2022-08-26 17:05
39,128,2022-08-26 17:05
40,126,2022-08-26 17:05
40,125,2022-08-26 17:05
40,125,2022-08-26 17:05
40,122,2022-08-26 17:05
40,121,2022-08-26 17:05
40,119,2022-08-26 17:05
40,119,2022-08-26 17:05
40,117,2022-08-26 17:05
39,116,2022-08-26 17:05
40,114,2022-08-26 17:05
40,113,2022-08-26 17:05
40,111,2022-08-26 17:05
39,110,2022-08-26 17:05
40,109,2022-08-26 17:05
40,108,2022-08-26 17:05
40,106,2022-08-26 17:05
40,105,2022-08-26 17:05
41,104,2022-08-26 17:05
40,102,2022-08-26 17:05
41,100,2022-08-26 17:05
41,100,2022-08-26 17:05
40,98,2022-08-26 17:05
40,97,2022-08-26 17:05
39,95,2022-08-26 17:05
40,93,2022-08-26 17:05
40,92,2022-08-26 17:05
40,91,2022-08-26 17:05
40,88,2022-08-26 17:06
40,87,2022-08-26 17:06
39,86,2022-08-26 17:06
39,84,2022-08-26 17:06
38,83,2022-08-26 17:06
39,82,2022-08-26 17:06
39,79,2022-08-26 17:06
39,78,2022-08-26 17:06
39,76,2022-08-26 17:06
39,76,2022-08-26 17:06
40,74,2022-08-26 17:06
39,72,2022-08-26 17:06
41,71,2022-08-26 17:06
41,70,2022-08-26 17:06
41,68,2022-08-26 17:06
39,66,2022-08-26 17:06
37,65,2022-08-26 17:06
37,64,2022-08-26 17:06
37,62,2022-08-26 17:06
37,61,2022-08-26 17:06
37,60,2022-08-26 17:06
38,59,2022-08-26 17:06
40,57,2022-08-26 17:06
40,56,2022-08-26 17:06
40,54,2022-08-26 17:06
39,52,2022-08-26 17:06
39,52,2022-08-26 17:06
39,50,2022-08-26 17:06
40,49,2022-08-26 17:06
39,48,2022-08-26 17:06
39,46,2022-08-26 17:06
38,46,2022-08-26 17:06
39,45,2022-08-26 17:06
38,44,2022-08-26 17:06
38,43,2022-08-26 17:06
39,42,2022-08-26 17:06
40,41,2022-08-26 17:06
41,40,2022-08-26 17:06
41,41,2022-08-26 17:06
39,40,2022-08-26 17:06
39,39,2022-08-26 17:06
38,39,2022-08-26 17:06
39,38,2022-08-26 17:06
38,39,2022-08-26 17:06
38,37,2022-08-26 17:06
38,38,2022-08-26 17:06
38,37,2022-08-26 17:06
39,36,2022-08-26 17:06
40,36,2022-08-26 17:06
40,36,2022-08-26 17:06
39,36,2022-08-26 17:06
38,36,2022-08-26 17:06
38,36,2022-08-26 17:06
38,37,2022-08-26 17:06
38,36,2022-08-26 17:06
38,37,2022-08-26 17:06
39,37,2022-08-26 17:06
39,37,2022-08-26 17:06
39,38,2022-08-26 17:06
39,39,2022-08-26 17:06
39,40,2022-08-26 17:06
40,41,2022-08-26 17:06
40,43,2022-08-26 17:06
38,44,2022-08-26 17:06
38,44,2022-08-26 17:06
38,46,2022-08-26 17:06
39,47,2022-08-26 17:06
39,48,2022-08-26 17:06
39,49,2022-08-26 17:06
40,51,2022-08-26 17:06
39,51,2022-08-26 17:06
40,53,2022-08-26 17:06
40,55,2022-08-26 17:06
40,57,2022-08-26 17:06
40,59,2022-08-26 17:06
40,59,2022-08-26 17:06
40,61,2022-08-26 17:06
40,61,2022-08-26 17:06
40,63,2022-08-26 17:06
40,63,2022-08-26 17:06
39,65,2022-08-26 17:06
38,67,2022-08-26 17:06
39,67,2022-08-26 17:06
39,70,2022-08-26 17:06
40,71,2022-08-26 17:06
39,72,2022-08-26 17:06
39,74,2022-08-26 17:06
39,75,2022-08-26 17:06
39,77,2022-08-26 17:06
39,78,2022-08-26 17:06
38,79,2022-08-26 17:06
39,81,2022-08-26 17:06
39,83,2022-08-26 17:06
41,83,2022-08-26 17:06
40,85,2022-08-26 17:06
39,86,2022-08-26 17:06
39,87,2022-08-26 17:06
39,89,2022-08-26 17:06
40,90,2022-08-26 17:06
40,92,2022-08-26 17:06
40,93,2022-08-26 17:06
39,94,2022-08-26 17:06
40,97,2022-08-26 17:06
39,99,2022-08-26 17:06
40,99,2022-08-26 17:06
39,101,2022-08-26 17:06
39,103,2022-08-26 17:06
39,104,2022-08-26 17:06
39,105,2022-08-26 17:06
39,106,2022-08-26 17:06
39,108,2022-08-26 17:06
40,109,2022-08-26 17:06
39,110,2022-08-26 17:06
39,111,2022-08-26 17:06
39,112,2022-08-26 17:06
40,114,2022-08-26 17:06
39,116,2022-08-26 17:06
40,117,2022-08-26 17:06
40,119,2022-08-26 17:06
40,119,2022-08-26 17:06
40,121,2022-08-26 17:06
39,122,2022-08-26 17:06
39,123,2022-08-26 17:06
39,124,2022-08-26 17:06
39,126,2022-08-26 17:06
40,127,2022-08-26 17:06
40,128,2022-08-26 17:06
41,129,2022-08-26 17:06
40,130,2022-08-26 17:06
41,131,2022-08-26 17:06
41,132,2022-08-26 17:06
41,134,2022-08-26 17:06
40,134,2022-08-26 17:06
39,135,2022-08-26 17:06
40,135,2022-08-26 17:06
40,135,2022-08-26 17:06
40,135,2022-08-26 17:06
39,135,2022-08-26 17:06
40,134,2022-08-26 17:06
40,135,2022-08-26 17:06
40,135,2022-08-26 17:06
40,135,2022-08-26 17:06
39,135,2022-08-26 17:06
39,134,2022-08-26 17:06
40,133,2022-08-26 17:06
40,133,2022-08-26 17:06
40,131,2022-08-26 17:06
39,130,2022-08-26 17:06
39,128,2022-08-26 17:06
39,127,2022-08-26 17:06
40,126,2022-08-26 17:06
41,124,2022-08-26 17:06
41,123,2022-08-26 17:06
41,121,2022-08-26 17:06
41,120,2022-08-26 17:06
40,118,2022-08-26 17:06
40,117,2022-08-26 17:06
40,114,2022-08-26 17:06
40,113,2022-08-26 17:06
39,113,2022-08-26 17:06
39,110,2022-08-26 17:06
40,108,2022-08-26 17:06
40,108,2022-08-26 17:06
40,107,2022-08-26 17:06
40,105,2022-08-26 17:06
40,104,2022-08-26 17:06
39,101,2022-08-26 17:06
39,100,2022-08-26 17:06
39,100,2022-08-26 17:06
39,99,2022-08-26 17:06
39,96,2022-08-26 17:06
39,94,2022-08-26 17:06
39,92,2022-08-26 17:06
39,91,2022-08-26 17:06
40,90,2022-08-26 17:06
40,88,2022-08-26 17:06
40,87,2022-08-26 17:06
40,85,2022-08-26 17:06
40,84,2022-08-26 17:06
40,82,2022-08-26 17:06
40,81,2022-08-26 17:06
40,80,2022-08-26 17:06
39,78,2022-08-26 17:06
40,77,2022-08-26 17:06
40,75,2022-08-26 17:06
40,74,2022-08-26 17:06
39,72,2022-08-26 17:06
39,71,2022-08-26 17:06
39,69,2022-08-26 17:06
39,68,2022-08-26 17:06
39,66,2022-08-26 17:06
40,65,2022-08-26 17:06
40,63,2022-08-26 17:06
40,62,2022-08-26 17:06
40,61,2022-08-26 17:06
39,60,2022-08-26 17:06
39,59,2022-08-26 17:06
39,58,2022-08-26 17:06
40,56,2022-08-26 17:06
40,54,2022-08-26 17:06
38,53,2022-08-26 17:06
39,51,2022-08-26 17:06
38,50,2022-08-26 17:06
40,50,2022-08-26 17:06
40,49,2022-08-26 17:06
40,48,2022-08-26 17:06
40,46,2022-08-26 17:06
40,46,2022-08-26 17:06
40,45,2022-08-26 17:06
39,45,2022-08-26 17:06
38,44,2022-08-26 17:06
39,42,2022-08-26 17:06
39,42,2022-08-26 17:06
40,41,2022-08-26 17:06
38,41,2022-08-26 17:06
38,40,2022-08-26 17:06
38,40,2022-08-26 17:06
39,40,2022-08-26 17:06
39,40,2022-08-26 17:06
40,39,2022-08-26 17:06
40,38,2022-08-26 17:06
40,37,2022-08-26 17:06
38,37,2022-08-26 17:06
38,37,2022-08-26 17:06
39,37,2022-08-26 17:06
40,37,2022-08-26 17:06
40,37,2022-08-26 17:06
41,37,2022-08-26 17:06
41,37,2022-08-26 17:06
40,36,2022-08-26 17:06
39,37,2022-08-26 17:06
39,37,2022-08-26 17:06
39,37,2022-08-26 17:06
39,37,2022-08-26 17:06
38,37,2022-08-26 17:06
38,37,2022-08-26 17:06
39,38,2022-08-26 17:06
39,38,2022-08-26 17:06
40,38,2022-08-26 17:06
40,40,2022-08-26 17:06
40,41,2022-08-26 17:06
39,42,2022-08-26 17:06
39,43,2022-08-26 17:06
39,44,2022-08-26 17:06
39,45,2022-08-26 17:06
39,46,2022-08-26 17:06
39,48,2022-08-26 17:06
39,49,2022-08-26 17:06
39,50,2022-08-26 17:06
39,51,2022-08-26 17:06
39,52,2022-08-26 17:06
39,53,2022-08-26 17:06
39,55,2022-08-26 17:06
39,58,2022-08-26 17:06
39,58,2022-08-26 17:06
38,59,2022-08-26 17:06
38,61,2022-08-26 17:06
38,62,2022-08-26 17:06
39,63,2022-08-26 17:06
40,63,2022-08-26 17:06
41,65,2022-08-26 17:06
40,66,2022-08-26 17:06
39,68,2022-08-26 17:06
39,69,2022-08-26 17:06
39,71,2022-08-26 17:06
39,72,2022-08-26 17:06
40,73,2022-08-26 17:06
40,75,2022-08-26 17:06
40,76,2022-08-26 17:06
40,78,2022-08-26 17:07
40,79,2022-08-26 17:07
40,80,2022-08-26 17:07
39,83,2022-08-26 17:07
39,83,2022-08-26 17:07
39,84,2022-08-26 17:07
40,86,2022-08-26 17:07
40,87,2022-08-26 17:07
39,87,2022-08-26 17:07
39,89,2022-08-26 17:07
39,90,2022-08-26 17:07
39,92,2022-08-26 17:07
40,93,2022-08-26 17:07
39,94,2022-08-26 17:07
40,96,2022-08-26 17:07
40,98,2022-08-26 17:07
40,99,2022-08-26 17:07
40,101,2022-08-26 17:07
39,102,2022-08-26 17:07
39,104,2022-08-26 17:07
39,105,2022-08-26 17:07
40,107,2022-08-26 17:07
40,107,2022-08-26 17:07
41,109,2022-08-26 17:07
41,110,2022-08-26 17:07
40,110,2022-08-26 17:07
39,112,2022-08-26 17:07
40,113,2022-08-26 17:07
40,115,2022-08-26 17:07
40,115,2022-08-26 17:07
40,116,2022-08-26 17:07
39,118,2022-08-26 17:07
39,119,2022-08-26 17:07
39,121,2022-08-26 17:07
39,121,2022-08-26 17:07
40,123,2022-08-26 17:07
40,125,2022-08-26 17:07
41,125,2022-08-26 17:07
40,126,2022-08-26 17:07
39,128,2022-08-26 17:07
39,128,2022-08-26 17:07
38,130,2022-08-26 17:07
39,130,2022-08-26 17:07
39,132,2022-08-26 17:07
40,132,2022-08-26 17:07
39,133,2022-08-26 17:07
40,134,2022-08-26 17:07
39,135,2022-08-26 17:07
39,137,2022-08-26 17:07
39,137,2022-08-26 17:07
40,136,2022-08-26 17:07
40,136,2022-08-26 17:07
40,137,2022-08-26 17:07
39,137,2022-08-26 17:07
39,136,2022-08-26 17:07
40,135,2022-08-26 17:07
40,134,2022-08-26 17:07
40,134,2022-08-26 17:07
40,132,2022-08-26 17:07
40,130,2022-08-26 17:07
40,129,2022-08-26 17:07
40,127,2022-08-26 17:07
39,126,2022-08-26 17:07
39,125,2022-08-26 17:07
40,123,2022-08-26 17:07
40,121,2022-08-26 17:07
39,120,2022-08-26 17:07
39,119,2022-08-26 17:07
39,117,2022-08-26 17:07
39,115,2022-08-26 17:07
39,114,2022-08-26 17:07
39,113,2022-08-26 17:07
39,111,2022-08-26 17:07
39,110,2022-08-26 17:07
39,108,2022-08-26 17:07
39,106,2022-08-26 17:07
39,106,2022-08-26 17:07
39,106,2022-08-26 17:07
39,103,2022-08-26 17:07
40,102,2022-08-26 17:07
39,99,2022-08-26 17:07
39,99,2022-08-26 17:07
39,98,2022-08-26 17:07
39,97,2022-08-26 17:07
39,94,2022-08-26 17:07
39,93,2022-08-26 17:07
40,92,2022-08-26 17:07
40,90,2022-08-26 17:07
40,89,2022-08-26 17:07
39,88,2022-08-26 17:07
39,87,2022-08-26 17:07
39,85,2022-08-26 17:07
39,84,2022-08-26 17:07
38,83,2022-08-26 17:07
37,81,2022-08-26 17:07
38,80,2022-08-26 17:07
39,78,2022-08-26 17:07
39,77,2022-08-26 17:07
39,75,2022-08-26 17:07
38,73,2022-08-26 17:07
39,72,2022-08-26 17:07
39,71,2022-08-26 17:07
39,68,2022-08-26 17:07
39,67,2022-08-26 17:07
40,66,2022-08-26 17:07
39,65,2022-08-26 17:07
40,64,2022-08-26 17:07
38,63,2022-08-26 17:07
38,61,2022-08-26 17:07
38,60,2022-08-26 17:07
40,59,2022-08-26 17:07
41,58,2022-08-26 17:07
41,56,2022-08-26 17:07
40,54,2022-08-26 17:07
41,53,2022-08-26 17:07
40,51,2022-08-26 17:07
40,50,2022-08-26 17:07
38,49,2022-08-26 17:07
37,48,2022-08-26 17:07
39,47,2022-08-26 17:07
39,46,2022-08-26 17:07
40,45,2022-08-26 17:07
40,44,2022-08-26 17:07
40,44,2022-08-26 17:07
39,43,2022-08-26 17:07
39,42,2022-08-26 17:07
39,41,2022-08-26 17:07
41,41,2022-08-26 17:07
41,41,2022-08-26 17:07
41,40,2022-08-26 17:07
40,40,2022-08-26 17:07
39,39,2022-08-26 17:07
39,39,2022-08-26 17:07
38,38,2022-08-26 17:07
39,38,2022-08-26 17:07
40,37,2022-08-26 17:07
41,38,2022-08-26 17:07
41,37,2022-08-26 17:07
40,37,2022-08-26 17:07
40,36,2022-08-26 17:07
40,37,2022-08-26 17:07
39,37,2022-08-26 17:07
39,37,2022-08-26 17:07
39,37,2022-08-26 17:07
39,37,2022-08-26 17:07
39,37,2022-08-26 17:07
40,37,2022-08-26 17:07
39,38,2022-08-26 17:07
39,38,2022-08-26 17:07
39,40,2022-08-26 17:07
39,40,2022-08-26 17:07
39,41,2022-08-26 17:07
39,42,2022-08-26 17:07
39,43,2022-08-26 17:07
40,45,2022-08-26 17:07
39,46,2022-08-26 17:07
39,47,2022-08-26 17:07
39,48,2022-08-26 17:07
39,50,2022-08-26 17:07
39,50,2022-08-26 17:07
39,52,2022-08-26 17:07
39,53,2022-08-26 17:07
39,54,2022-08-26 17:07
39,56,2022-08-26 17:07
39,58,2022-08-26 17:07
39,58,2022-08-26 17:07
38,60,2022-08-26 17:07
38,61,2022-08-26 17:07
39,62,2022-08-26 17:07
39,62,2022-08-26 17:07
40,63,2022-08-26 17:07
41,65,2022-08-26 17:07
40,66,2022-08-26 17:07
40,67,2022-08-26 17:07
40,70,2022-08-26 17:07
40,71,2022-08-26 17:07
40,72,2022-08-26 17:07
40,74,2022-08-26 17:07
40,75,2022-08-26 17:07
40,77,2022-08-26 17:07
40,78,2022-08-26 17:07
40,79,2022-08-26 17:07
40,81,2022-08-26 17:07
41,83,2022-08-26 17:07
40,84,2022-08-26 17:07
40,85,2022-08-26 17:07
39,86,2022-08-26 17:07
39,87,2022-08-26 17:07
39,89,2022-08-26 17:07
39,90,2022-08-26 17:07
39,91,2022-08-26 17:07
39,93,2022-08-26 17:07
39,94,2022-08-26 17:07
39,96,2022-08-26 17:07
39,97,2022-08-26 17:07
39,99,2022-08-26 17:07
39,101,2022-08-26 17:07
39,102,2022-08-26 17:07
40,103,2022-08-26 17:07
39,104,2022-08-26 17:07
39,106,2022-08-26 17:07
39,107,2022-08-26 17:07
40,108,2022-08-26 17:07
39,108,2022-08-26 17:07
40,110,2022-08-26 17:07
39,111,2022-08-26 17:07
40,112,2022-08-26 17:07
39,114,2022-08-26 17:07
40,115,2022-08-26 17:07
40,117,2022-08-26 17:07
41,118,2022-08-26 17:07
41,119,2022-08-26 17:07
41,121,2022-08-26 17:07
42,122,2022-08-26 17:07
42,123,2022-08-26 17:07
41,124,2022-08-26 17:07
40,124,2022-08-26 17:07
40,127,2022-08-26 17:07
40,128,2022-08-26 17:07
41,128,2022-08-26 17:07
40,129,2022-08-26 17:07
41,131,2022-08-26 17:07
40,132,2022-08-26 17:07
41,133,2022-08-26 17:07
40,134,2022-08-26 17:07
40,135,2022-08-26 17:07
39,136,2022-08-26 17:07
38,137,2022-08-26 17:07
39,138,2022-08-26 17:07
40,138,2022-08-26 17:07
40,138,2022-08-26 17:07
40,138,2022-08-26 17:07
40,138,2022-08-26 17:07
40,138,2022-08-26 17:07
40,137,2022-08-26 17:07
40,138,2022-08-26 17:07
40,136,2022-08-26 17:07
40,135,2022-08-26 17:07
40,134,2022-08-26 17:07
40,132,2022-08-26 17:07
40,130,2022-08-26 17:07
40,130,2022-08-26 17:07
40,129,2022-08-26 17:07
40,126,2022-08-26 17:07
40,125,2022-08-26 17:07
39,124,2022-08-26 17:07
39,122,2022-08-26 17:07
40,121,2022-08-26 17:07
40,119,2022-08-26 17:07
40,119,2022-08-26 17:07
39,117,2022-08-26 17:07
39,115,2022-08-26 17:07
39,113,2022-08-26 17:07
39,112,2022-08-26 17:07
39,111,2022-08-26 17:07
39,109,2022-08-26 17:07
39,108,2022-08-26 17:07
39,107,2022-08-26 17:07
39,106,2022-08-26 17:07
39,105,2022-08-26 17:07
39,103,2022-08-26 17:07
39,101,2022-08-26 17:07
40,100,2022-08-26 17:07
39,99,2022-08-26 17:07
39,98,2022-08-26 17:07
39,96,2022-08-26 17:07
39,94,2022-08-26 17:07
39,92,2022-08-26 17:07
39,91,2022-08-26 17:08
38,90,2022-08-26 17:08
38,89,2022-08-26 17:08
39,87,2022-08-26 17:08
40,86,2022-08-26 17:08
39,84,2022-08-26 17:08
39,83,2022-08-26 17:08
39,81,2022-08-26 17:08
40,79,2022-08-26 17:08
39,78,2022-08-26 17:08
39,76,2022-08-26 17:08
40,75,2022-08-26 17:08
38,74,2022-08-26 17:08
40,71,2022-08-26 17:08
39,71,2022-08-26 17:08
39,70,2022-08-26 17:08
39,68,2022-08-26 17:08
40,66,2022-08-26 17:08
41,65,2022-08-26 17:08
41,64,2022-08-26 17:08
41,62,2022-08-26 17:08
41,61,2022-08-26 17:08
40,60,2022-08-26 17:08
40,60,2022-08-26 17:08
39,58,2022-08-26 17:08
39,56,2022-08-26 17:08
39,54,2022-08-26 17:08
38,53,2022-08-26 17:08
39,51,2022-08-26 17:08
39,51,2022-08-26 17:08
41,50,2022-08-26 17:08
40,48,2022-08-26 17:08
40,47,2022-08-26 17:08
39,46,2022-08-26 17:08
39,45,2022-08-26 17:08
39,44,2022-08-26 17:08
39,44,2022-08-26 17:08
39,43,2022-08-26 17:08
39,42,2022-08-26 17:08
38,42,2022-08-26 17:08
37,42,2022-08-26 17:08
37,41,2022-08-26 17:08
38,41,2022-08-26 17:08
39,40,2022-08-26 17:08
40,40,2022-08-26 17:08
39,39,2022-08-26 17:08
40,39,2022-08-26 17:08
40,37,2022-08-26 17:08
40,38,2022-08-26 17:08
39,37,2022-08-26 17:08
38,37,2022-08-26 17:08
38,37,2022-08-26 17:08
37,37,2022-08-26 17:08
37,37,2022-08-26 17:08
37,37,2022-08-26 17:08
37,37,2022-08-26 17:08
37,37,2022-08-26 17:08
38,38,2022-08-26 17:08
39,38,2022-08-26 17:08
40,38,2022-08-26 17:08
40,38,2022-08-26 17:08
39,38,2022-08-26 17:08
39,40,2022-08-26 17:08
39,41,2022-08-26 17:08
40,42,2022-08-26 17:08
40,43,2022-08-26 17:08
39,45,2022-08-26 17:08
39,45,2022-08-26 17:08
39,46,2022-08-26 17:08
40,48,2022-08-26 17:08
40,49,2022-08-26 17:08
39,50,2022-08-26 17:08
40,52,2022-08-26 17:08
39,52,2022-08-26 17:08
40,54,2022-08-26 17:08
40,56,2022-08-26 17:08
39,58,2022-08-26 17:08
38,59,2022-08-26 17:08
37,60,2022-08-26 17:08
38,62,2022-08-26 17:08
38,62,2022-08-26 17:08
39,63,2022-08-26 17:08
38,64,2022-08-26 17:08
38,65,2022-08-26 17:08
38,66,2022-08-26 17:08
39,68,2022-08-26 17:08
39,70,2022-08-26 17:08
39,72,2022-08-26 17:08
40,73,2022-08-26 17:08
40,74,2022-08-26 17:08
40,76,2022-08-26 17:08
39,77,2022-08-26 17:08
38,77,2022-08-26 17:08
38,79,2022-08-26 17:08
39,80,2022-08-26 17:08
39,82,2022-08-26 17:08
39,83,2022-08-26 17:08
39,84,2022-08-26 17:08
40,86,2022-08-26 17:08
39,87,2022-08-26 17:08
40,88,2022-08-26 17:08
39,90,2022-08-26 17:08
40,91,2022-08-26 17:08
39,92,2022-08-26 17:08
39,94,2022-08-26 17:08
39,95,2022-08-26 17:08
39,97,2022-08-26 17:08
40,100,2022-08-26 17:08
39,100,2022-08-26 17:08
39,101,2022-08-26 17:08
38,103,2022-08-26 17:08
39,104,2022-08-26 17:08
39,106,2022-08-26 17:08
39,107,2022-08-26 17:08
39,108,2022-08-26 17:08
39,108,2022-08-26 17:08
39,109,2022-08-26 17:08
40,112,2022-08-26 17:08
39,113,2022-08-26 17:08
40,114,2022-08-26 17:08
40,115,2022-08-26 17:08
40,116,2022-08-26 17:08
39,119,2022-08-26 17:08
40,120,2022-08-26 17:08
40,120,2022-08-26 17:08
41,121,2022-08-26 17:08
41,123,2022-08-26 17:08
40,125,2022-08-26 17:08
39,126,2022-08-26 17:08
38,126,2022-08-26 17:08
38,127,2022-08-26 17:08
38,129,2022-08-26 17:08
39,130,2022-08-26 17:08
38,131,2022-08-26 17:08
38,132,2022-08-26 17:08
38,133,2022-08-26 17:08
39,134,2022-08-26 17:08
39,134,2022-08-26 17:08
39,136,2022-08-26 17:08
39,138,2022-08-26 17:08
39,138,2022-08-26 17:08
40,138,2022-08-26 17:08
40,138,2022-08-26 17:08
40,137,2022-08-26 17:08
39,138,2022-08-26 17:08
38,138,2022-08-26 17:08
39,137,2022-08-26 17:08
40,138,2022-08-26 17:08
41,137,2022-08-26 17:08
40,136,2022-08-26 17:08
40,135,2022-08-26 17:08
40,133,2022-08-26 17:08
39,132,2022-08-26 17:08
39,130,2022-08-26 17:08
38,129,2022-08-26 17:08
38,127,2022-08-26 17:08
39,126,2022-08-26 17:08
40,125,2022-08-26 17:08
40,124,2022-08-26 17:08
40,122,2022-08-26 17:08
40,120,2022-08-26 17:08
40,119,2022-08-26 17:08
39,117,2022-08-26 17:08
39,116,2022-08-26 17:08
39,114,2022-08-26 17:08
39,112,2022-08-26 17:08
40,112,2022-08-26 17:08
40,110,2022-08-26 17:08
39,107,2022-08-26 17:08
39,106,2022-08-26 17:08
40,105,2022-08-26 17:08
41,105,2022-08-26 17:08
41,103,2022-08-26 17:08
41,102,2022-08-26 17:08
40,101,2022-08-26 17:08
39,99,2022-08-26 17:08
38,98,2022-08-26 17:08
38,98,2022-08-26 17:08
39,96,2022-08-26 17:08
39,94,2022-08-26 17:08
39,92,2022-08-26 17:08
38,91,2022-08-26 17:08
38,90,2022-08-26 17:08
38,88,2022-08-26 17:08
39,87,2022-08-26 17:08
40,85,2022-08-26 17:08
39,84,2022-08-26 17:08
40,84,2022-08-26 17:08
40,83,2022-08-26 17:08
41,80,2022-08-26 17:08
40,80,2022-08-26 17:08
39,78,2022-08-26 17:08
38,77,2022-08-26 17:08
38,76,2022-08-26 17:08
39,74,2022-08-26 17:08
39,71,2022-08-26 17:08
40,71,2022-08-26 17:08
40,69,2022-08-26 17:08
39,69,2022-08-26 17:08
38,68,2022-08-26 17:08
39,66,2022-08-26 17:08
40,65,2022-08-26 17:08
40,64,2022-08-26 17:08
39,62,2022-08-26 17:08
39,61,2022-08-26 17:08
39,60,2022-08-26 17:08
41,59,2022-08-26 17:08
40,58,2022-08-26 17:08
39,56,2022-08-26 17:08
38,54,2022-08-26 17:08
38,52,2022-08-26 17:08
38,51,2022-08-26 17:08
38,50,2022-08-26 17:08
39,49,2022-08-26 17:08
39,48,2022-08-26 17:08
39,46,2022-08-26 17:08
39,46,2022-08-26 17:08
39,45,2022-08-26 17:08
39,44,2022-08-26 17:08
38,43,2022-08-26 17:08
37,42,2022-08-26 17:08
37,42,2022-08-26 17:08
37,41,2022-08-26 17:08
38,41,2022-08-26 17:08
39,40,2022-08-26 17:08
39,40,2022-08-26 17:08
39,39,2022-08-26 17:08
38,39,2022-08-26 17:08
38,38,2022-08-26 17:08
38,38,2022-08-26 17:08
39,38,2022-08-26 17:08
39,38,2022-08-26 17:08
38,38,2022-08-26 17:08
37,38,2022-08-26 17:08
38,37,2022-08-26 17:08
39,37,2022-08-26 17:08
38,38,2022-08-26 17:08
38,38,2022-08-26 17:08
39,38,2022-08-26 17:08
40,38,2022-08-26 17:08
39,39,2022-08-26 17:08
38,39,2022-08-26 17:08
37,40,2022-08-26 17:08
38,42,2022-08-26 17:08
38,42,2022-08-26 17:08
39,43,2022-08-26 17:08
39,45,2022-08-26 17:08
40,47,2022-08-26 17:08
40,47,2022-08-26 17:08
39,48,2022-08-26 17:08
38,49,2022-08-26 17:08
38,51,2022-08-26 17:08
39,52,2022-08-26 17:08
38,52,2022-08-26 17:08
39,53,2022-08-26 17:08
39,56,2022-08-26 17:08
40,58,2022-08-26 17:08
40,59,2022-08-26 17:08
40,60,2022-08-26 17:08
40,62,2022-08-26 17:08
39,63,2022-08-26 17:08
39,63,2022-08-26 17:08
39,64,2022-08-26 17:08
39,65,2022-08-26 17:08
39,67,2022-08-26 17:08
39,68,2022-08-26 17:08
40,70,2022-08-26 17:08
39,72,2022-08-26 17:08
39,74,2022-08-26 17:08
38,75,2022-08-26 17:09
39,76,2022-08-26 17:09
39,77,2022-08-26 17:09
39,78,2022-08-26 17:09
40,79,2022-08-26 17:09
40,81,2022-08-26 17:09
41,82,2022-08-26 17:09
40,83,2022-08-26 17:09
39,85,2022-08-26 17:09
39,86,2022-08-26 17:09
39,87,2022-08-26 17:09
39,88,2022-08-26 17:09
39,90,2022-08-26 17:09
39,92,2022-08-26 17:09
40,93,2022-08-26 17:09
39,93,2022-08-26 17:09
39,95,2022-08-26 17:09
38,97,2022-08-26 17:09
38,99,2022-08-26 17:09
39,101,2022-08-26 17:09
39,102,2022-08-26 17:09
40,103,2022-08-26 17:09
39,104,2022-08-26 17:09
40,106,2022-08-26 17:09
39,108,2022-08-26 17:09
39,108,2022-08-26 17:09
39,109,2022-08-26 17:09
39,111,2022-08-26 17:09
40,113,2022-08-26 17:09
39,114,2022-08-26 17:09
40,113,2022-08-26 17:09
39,115,2022-08-26 17:09
39,118,2022-08-26 17:09
40,119,2022-08-26 17:09
40,120,2022-08-26 17:09
40,122,2022-08-26 17:09
39,122,2022-08-26 17:09
39,123,2022-08-26 17:09
39,124,2022-08-26 17:09
39,126,2022-08-26 17:09
40,127,2022-08-26 17:09
41,128,2022-08-26 17:09
41,129,2022-08-26 17:09
40,131,2022-08-26 17:09
40,131,2022-08-26 17:09
40,132,2022-08-26 17:09
41,134,2022-08-26 17:09
41,134,2022-08-26 17:09
41,134,2022-08-26 17:09
40,137,2022-08-26 17:09
40,138,2022-08-26 17:09
39,138,2022-08-26 17:09
40,139,2022-08-26 17:09
41,139,2022-08-26 17:09
41,139,2022-08-26 17:09
41,139,2022-08-26 17:09
40,139,2022-08-26 17:09
40,139,2022-08-26 17:09
40,138,2022-08-26 17:09
40,137,2022-08-26 17:09
41,135,2022-08-26 17:09
40,135,2022-08-26 17:09
39,134,2022-08-26 17:09
39,132,2022-08-26 17:09
40,131,2022-08-26 17:09
40,129,2022-08-26 17:09
41,128,2022-08-26 17:09
40,126,2022-08-26 17:09
40,125,2022-08-26 17:09
39,124,2022-08-26 17:09
39,122,2022-08-26 17:09
39,121,2022-08-26 17:09
40,121,2022-08-26 17:09
40,118,2022-08-26 17:09
40,116,2022-08-26 17:09
40,114,2022-08-26 17:09
40,113,2022-08-26 17:09
39,112,2022-08-26 17:09
40,110,2022-08-26 17:09
40,109,2022-08-26 17:09
40,107,2022-08-26 17:09
39,106,2022-08-26 17:09
40,105,2022-08-26 17:09
39,104,2022-08-26 17:09
39,101,2022-08-26 17:09
39,98,2022-08-26 17:09
40,98,2022-08-26 17:09
40,97,2022-08-26 17:09
39,96,2022-08-26 17:09
39,93,2022-08-26 17:09
39,91,2022-08-26 17:09
40,91,2022-08-26 17:09
40,89,2022-08-26 17:09
41,86,2022-08-26 17:09
40,85,2022-08-26 17:09
40,84,2022-08-26 17:09
39,83,2022-08-26 17:09
39,82,2022-08-26 17:09
40,80,2022-08-26 17:09
40,79,2022-08-26 17:09
40,78,2022-08-26 17:09
40,77,2022-08-26 17:09
39,75,2022-08-26 17:09
39,73,2022-08-26 17:09
39,71,2022-08-26 17:09
40,70,2022-08-26 17:09
40,68,2022-08-26 17:09
39,68,2022-08-26 17:09
38,67,2022-08-26 17:09
39,66,2022-08-26 17:09
40,64,2022-08-26 17:09
40,63,2022-08-26 17:09
39,62,2022-08-26 17:09
39,61,2022-08-26 17:09
38,60,2022-08-26 17:09
37,60,2022-08-26 17:09
37,60,2022-08-26 17:09
37,61,2022-08-26 17:09
38,59,2022-08-26 17:09
39,58,2022-08-26 17:09
40,56,2022-08-26 17:09
40,55,2022-08-26 17:09
40,53,2022-08-26 17:09
39,51,2022-08-26 17:09
40,50,2022-08-26 17:09
39,50,2022-08-26 17:09
40,48,2022-08-26 17:09
39,47,2022-08-26 17:09
39,46,2022-08-26 17:09
39,44,2022-08-26 17:09
40,43,2022-08-26 17:09
39,43,2022-08-26 17:09
39,42,2022-08-26 17:09
39,41,2022-08-26 17:09
40,41,2022-08-26 17:09
40,40,2022-08-26 17:09
40,40,2022-08-26 17:09
40,40,2022-08-26 17:09
40,39,2022-08-26 17:09
40,39,2022-08-26 17:09
40,39,2022-08-26 17:09
38,38,2022-08-26 17:09
36,38,2022-08-26 17:09
36,38,2022-08-26 17:09
38,38,2022-08-26 17:09
38,37,2022-08-26 17:09
39,38,2022-08-26 17:09
38,38,2022-08-26 17:09
39,38,2022-08-26 17:09
39,38,2022-08-26 17:09
39,38,2022-08-26 17:09
40,39,2022-08-26 17:09
40,39,2022-08-26 17:09
40,40,2022-08-26 17:09
40,42,2022-08-26 17:09
39,43,2022-08-26 17:09
39,44,2022-08-26 17:09
39,44,2022-08-26 17:09
40,46,2022-08-26 17:09
40,47,2022-08-26 17:09
39,48,2022-08-26 17:09
39,50,2022-08-26 17:09
39,50,2022-08-26 17:09
39,52,2022-08-26 17:09
39,52,2022-08-26 17:09
39,55,2022-08-26 17:09
39,56,2022-08-26 17:09
39,58,2022-08-26 17:09
38,59,2022-08-26 17:09
39,61,2022-08-26 17:09
39,63,2022-08-26 17:09
40,63,2022-08-26 17:09
39,63,2022-08-26 17:09
39,64,2022-08-26 17:09
39,66,2022-08-26 17:09
39,68,2022-08-26 17:09
40,69,2022-08-26 17:09
39,70,2022-08-26 17:09
39,71,2022-08-26 17:09
38,73,2022-08-26 17:09
38,75,2022-08-26 17:09
38,76,2022-08-26 17:09
39,77,2022-08-26 17:09
39,79,2022-08-26 17:09
39,80,2022-08-26 17:09
39,81,2022-08-26 17:09
40,82,2022-08-26 17:09
39,83,2022-08-26 17:09
40,85,2022-08-26 17:09
39,87,2022-08-26 17:09
39,88,2022-08-26 17:09
39,89,2022-08-26 17:09
40,90,2022-08-26 17:09
39,92,2022-08-26 17:09
39,92,2022-08-26 17:09
39,95,2022-08-26 17:09
40,96,2022-08-26 17:09
40,97,2022-08-26 17:09
40,99,2022-08-26 17:09
40,100,2022-08-26 17:09
40,102,2022-08-26 17:09
39,102,2022-08-26 17:09
39,104,2022-08-26 17:09
38,107,2022-08-26 17:09
38,107,2022-08-26 17:09
39,108,2022-08-26 17:09
39,109,2022-08-26 17:09
40,110,2022-08-26 17:09
40,113,2022-08-26 17:09
39,114,2022-08-26 17:09
40,113,2022-08-26 17:09
40,115,2022-08-26 17:09
41,116,2022-08-26 17:09
40,117,2022-08-26 17:09
40,118,2022-08-26 17:09
40,119,2022-08-26 17:09
39,121,2022-08-26 17:09
39,120,2022-08-26 17:09
40,121,2022-08-26 17:09
41,121,2022-08-26 17:09
40,122,2022-08-26 17:09
40,124,2022-08-26 17:09
39,125,2022-08-26 17:09
41,124,2022-08-26 17:09
41,125,2022-08-26 17:09
40,127,2022-08-26 17:09
40,128,2022-08-26 17:09
40,129,2022-08-26 17:09
40,131,2022-08-26 17:09
40,131,2022-08-26 17:09
40,132,2022-08-26 17:09
41,133,2022-08-26 17:09
40,134,2022-08-26 17:09
40,134,2022-08-26 17:09
40,134,2022-08-26 17:09
41,134,2022-08-26 17:09
40,134,2022-08-26 17:09
41,134,2022-08-26 17:09
40,133,2022-08-26 17:09
40,132,2022-08-26 17:09
38,131,2022-08-26 17:09
38,129,2022-08-26 17:09
39,129,2022-08-26 17:09
40,127,2022-08-26 17:09
40,125,2022-08-26 17:09
40,124,2022-08-26 17:09
40,122,2022-08-26 17:09
41,122,2022-08-26 17:09
40,121,2022-08-26 17:09
40,119,2022-08-26 17:09
39,117,2022-08-26 17:09
39,115,2022-08-26 17:09
40,114,2022-08-26 17:09
39,113,2022-08-26 17:09
39,111,2022-08-26 17:09
38,108,2022-08-26 17:09
38,107,2022-08-26 17:09
38,106,2022-08-26 17:09
38,105,2022-08-26 17:09
37,105,2022-08-26 17:09
38,104,2022-08-26 17:09
38,103,2022-08-26 17:09
39,102,2022-08-26 17:09
39,99,2022-08-26 17:09
39,98,2022-08-26 17:09
39,97,2022-08-26 17:09
40,95,2022-08-26 17:09
40,94,2022-08-26 17:09
38,93,2022-08-26 17:10
38,92,2022-08-26 17:10
39,90,2022-08-26 17:10
40,89,2022-08-26 17:10
39,88,2022-08-26 17:10
40,87,2022-08-26 17:10
39,85,2022-08-26 17:10
40,84,2022-08-26 17:10
39,83,2022-08-26 17:10
39,81,2022-08-26 17:10
39,80,2022-08-26 17:10
39,78,2022-08-26 17:10
40,78,2022-08-26 17:10
39,76,2022-08-26 17:10
39,73,2022-08-26 17:10
38,72,2022-08-26 17:10
39,71,2022-08-26 17:10
38,70,2022-08-26 17:10
38,69,2022-08-26 17:10
38,68,2022-08-26 17:10
39,66,2022-08-26 17:10
40,64,2022-08-26 17:10
40,62,2022-08-26 17:10
40,62,2022-08-26 17:10
40,61,2022-08-26 17:10
39,59,2022-08-26 17:10
39,58,2022-08-26 17:10
39,57,2022-08-26 17:10
40,55,2022-08-26 17:10
40,54,2022-08-26 17:10
39,52,2022-08-26 17:10
40,51,2022-08-26 17:10
39,50,2022-08-26 17:10
39,49,2022-08-26 17:10
38,48,2022-08-26 17:10
38,47,2022-08-26 17:10
39,46,2022-08-26 17:10
40,46,2022-08-26 17:10
39,45,2022-08-26 17:10
39,45,2022-08-26 17:10
38,44,2022-08-26 17:10
39,44,2022-08-26 17:10
38,43,2022-08-26 17:10
38,44,2022-08-26 17:10
38,43,2022-08-26 17:10
39,43,2022-08-26 17:10
40,42,2022-08-26 17:10
39,42,2022-08-26 17:10
39,42,2022-08-26 17:10
37,42,2022-08-26 17:10
39,42,2022-08-26 17:10
39,42,2022-08-26 17:10
40,42,2022-08-26 17:10
39,42,2022-08-26 17:10
38,42,2022-08-26 17:10
37,42,2022-08-26 17:10
36,42,2022-08-26 17:10
37,41,2022-08-26 17:10
38,42,2022-08-26 17:10
39,42,2022-08-26 17:10
40,42,2022-08-26 17:10
39,42,2022-08-26 17:10
39,42,2022-08-26 17:10
38,42,2022-08-26 17:10
39,43,2022-08-26 17:10
39,43,2022-08-26 17:10
40,45,2022-08-26 17:10
40,46,2022-08-26 17:10
40,48,2022-08-26 17:10
40,48,2022-08-26 17:10
40,49,2022-08-26 17:10
40,50,2022-08-26 17:10
40,52,2022-08-26 17:10
39,53,2022-08-26 17:10
38,54,2022-08-26 17:10
39,56,2022-08-26 17:10
38,58,2022-08-26 17:10
39,59,2022-08-26 17:10
38,59,2022-08-26 17:10
39,59,2022-08-26 17:10
39,59,2022-08-26 17:10
39,62,2022-08-26 17:10
38,65,2022-08-26 17:10
39,66,2022-08-26 17:10
40,65,2022-08-26 17:10
40,66,2022-08-26 17:10
39,68,2022-08-26 17:10
39,69,2022-08-26 17:10
39,70,2022-08-26 17:10
39,71,2022-08-26 17:10
39,72,2022-08-26 17:10
39,73,2022-08-26 17:10
39,75,2022-08-26 17:10
39,76,2022-08-26 17:10
40,77,2022-08-26 17:10
40,78,2022-08-26 17:10
40,80,2022-08-26 17:10
40,82,2022-08-26 17:10
40,83,2022-08-26 17:10
39,85,2022-08-26 17:10
39,86,2022-08-26 17:10
39,87,2022-08-26 17:10
39,88,2022-08-26 17:10
39,89,2022-08-26 17:10
40,90,2022-08-26 17:10
39,92,2022-08-26 17:10
40,93,2022-08-26 17:10
39,94,2022-08-26 17:10
40,96,2022-08-26 17:10
40,97,2022-08-26 17:10
40,99,2022-08-26 17:10
40,101,2022-08-26 17:10
40,102,2022-08-26 17:10
40,103,2022-08-26 17:10
39,105,2022-08-26 17:10
40,106,2022-08-26 17:10
40,108,2022-08-26 17:10
40,108,2022-08-26 17:10
40,109,2022-08-26 17:10
40,110,2022-08-26 17:10
39,111,2022-08-26 17:10
38,114,2022-08-26 17:10
39,114,2022-08-26 17:10
40,115,2022-08-26 17:10
41,117,2022-08-26 17:10
39,119,2022-08-26 17:10
38,119,2022-08-26 17:10
38,121,2022-08-26 17:10
39,122,2022-08-26 17:10
38,123,2022-08-26 17:10
38,124,2022-08-26 17:10
38,125,2022-08-26 17:10
40,126,2022-08-26 17:10
41,127,2022-08-26 17:10
41,128,2022-08-26 17:10
40,128,2022-08-26 17:10
40,130,2022-08-26 17:10
40,131,2022-08-26 17:10
40,133,2022-08-26 17:10
39,133,2022-08-26 17:10
39,133,2022-08-26 17:10
40,134,2022-08-26 17:10
40,136,2022-08-26 17:10
40,138,2022-08-26 17:10
40,138,2022-08-26 17:10
39,138,2022-08-26 17:10
40,138,2022-08-26 17:10
40,139,2022-08-26 17:10
41,138,2022-08-26 17:10
41,138,2022-08-26 17:10
40,137,2022-08-26 17:10
40,136,2022-08-26 17:10
40,136,2022-08-26 17:10
40,135,2022-08-26 17:10
40,132,2022-08-26 17:10
39,132,2022-08-26 17:10
40,130,2022-08-26 17:10
40,127,2022-08-26 17:10
40,127,2022-08-26 17:10
40,125,2022-08-26 17:10
39,124,2022-08-26 17:10
39,122,2022-08-26 17:10
39,120,2022-08-26 17:10
39,119,2022-08-26 17:10
39,118,2022-08-26 17:10
39,115,2022-08-26 17:10
39,114,2022-08-26 17:10
39,113,2022-08-26 17:10
39,111,2022-08-26 17:10
39,110,2022-08-26 17:10
39,108,2022-08-26 17:10
39,106,2022-08-26 17:10
40,105,2022-08-26 17:10
40,106,2022-08-26 17:10
39,105,2022-08-26 17:10
40,104,2022-08-26 17:10
39,101,2022-08-26 17:10
40,99,2022-08-26 17:10
40,99,2022-08-26 17:10
40,97,2022-08-26 17:10
39,95,2022-08-26 17:10
39,93,2022-08-26 17:10
39,92,2022-08-26 17:10
39,91,2022-08-26 17:10
40,89,2022-08-26 17:10
41,87,2022-08-26 17:10
41,86,2022-08-26 17:10
41,85,2022-08-26 17:10
41,83,2022-08-26 17:10
39,82,2022-08-26 17:10
39,80,2022-08-26 17:10
39,79,2022-08-26 17:10
40,77,2022-08-26 17:10
39,76,2022-08-26 17:10
39,75,2022-08-26 17:10
40,72,2022-08-26 17:10
41,71,2022-08-26 17:10
41,70,2022-08-26 17:10
39,67,2022-08-26 17:10
40,67,2022-08-26 17:10
40,66,2022-08-26 17:10
40,65,2022-08-26 17:10
40,63,2022-08-26 17:10
39,62,2022-08-26 17:10
39,61,2022-08-26 17:10
39,60,2022-08-26 17:10
39,59,2022-08-26 17:10
39,57,2022-08-26 17:10
38,56,2022-08-26 17:10
39,54,2022-08-26 17:10
38,53,2022-08-26 17:10
38,51,2022-08-26 17:10
39,50,2022-08-26 17:10
39,49,2022-08-26 17:10
40,49,2022-08-26 17:10
39,47,2022-08-26 17:10
39,46,2022-08-26 17:10
39,45,2022-08-26 17:10
38,44,2022-08-26 17:10
39,43,2022-08-26 17:10
39,42,2022-08-26 17:10
40,42,2022-08-26 17:10
38,41,2022-08-26 17:10
39,41,2022-08-26 17:10
38,41,2022-08-26 17:10
40,40,2022-08-26 17:10
39,39,2022-08-26 17:10
39,40,2022-08-26 17:10
38,39,2022-08-26 17:10
38,38,2022-08-26 17:10
39,38,2022-08-26 17:10
39,37,2022-08-26 17:10
39,37,2022-08-26 17:10
39,36,2022-08-26 17:10
38,37,2022-08-26 17:10
39,37,2022-08-26 17:10
38,37,2022-08-26 17:10
39,37,2022-08-26 17:10
38,37,2022-08-26 17:10
39,37,2022-08-26 17:10
38,37,2022-08-26 17:10
39,37,2022-08-26 17:10
39,37,2022-08-26 17:10
39,38,2022-08-26 17:10
40,38,2022-08-26 17:10
40,39,2022-08-26 17:10
40,40,2022-08-26 17:10
40,42,2022-08-26 17:10
40,43,2022-08-26 17:10
40,44,2022-08-26 17:10
40,45,2022-08-26 17:10
39,46,2022-08-26 17:10
39,47,2022-08-26 17:10
39,49,2022-08-26 17:10
39,50,2022-08-26 17:10
40,50,2022-08-26 17:10
39,52,2022-08-26 17:10
39,53,2022-08-26 17:10
40,55,2022-08-26 17:10
40,57,2022-08-26 17:10
39,58,2022-08-26 17:10
39,60,2022-08-26 17:10
39,61,2022-08-26 17:10
39,61,2022-08-26 17:10
40,63,2022-08-26 17:10
39,63,2022-08-26 17:10
39,64,2022-08-26 17:10
38,65,2022-08-26 17:10
39,67,2022-08-26 17:10
39,69,2022-08-26 17:11
39,70,2022-08-26 17:11
39,72,2022-08-26 17:11
39,73,2022-08-26 17:11
39,75,2022-08-26 17:11
39,76,2022-08-26 17:11
38,78,2022-08-26 17:11
38,79,2022-08-26 17:11
38,80,2022-08-26 17:11
38,81,2022-08-26 17:11
39,83,2022-08-26 17:11
39,85,2022-08-26 17:11
39,85,2022-08-26 17:11
39,86,2022-08-26 17:11
39,88,2022-08-26 17:11
38,89,2022-08-26 17:11
39,91,2022-08-26 17:11
39,93,2022-08-26 17:11
39,93,2022-08-26 17:11
38,95,2022-08-26 17:11
39,98,2022-08-26 17:11
39,98,2022-08-26 17:11
40,100,2022-08-26 17:11
39,101,2022-08-26 17:11
40,103,2022-08-26 17:11
40,103,2022-08-26 17:11
40,106,2022-08-26 17:11
39,107,2022-08-26 17:11
39,108,2022-08-26 17:11
39,108,2022-08-26 17:11
39,111,2022-08-26 17:11
39,112,2022-08-26 17:11
39,114,2022-08-26 17:11
40,115,2022-08-26 17:11
41,116,2022-08-26 17:11
40,118,2022-08-26 17:11
39,119,2022-08-26 17:11
40,120,2022-08-26 17:11
40,121,2022-08-26 17:11
40,122,2022-08-26 17:11
40,123,2022-08-26 17:11
40,125,2022-08-26 17:11
40,126,2022-08-26 17:11
39,127,2022-08-26 17:11
39,127,2022-08-26 17:11
39,130,2022-08-26 17:11
39,132,2022-08-26 17:11
38,132,2022-08-26 17:11
38,133,2022-08-26 17:11
38,133,2022-08-26 17:11
39,135,2022-08-26 17:11
41,136,2022-08-26 17:11
41,137,2022-08-26 17:11
41,138,2022-08-26 17:11
40,140,2022-08-26 17:11
40,141,2022-08-26 17:11
40,142,2022-08-26 17:11
40,142,2022-08-26 17:11
40,141,2022-08-26 17:11
40,141,2022-08-26 17:11
40,140,2022-08-26 17:11
40,140,2022-08-26 17:11
40,138,2022-08-26 17:11
39,136,2022-08-26 17:11
39,135,2022-08-26 17:11
39,135,2022-08-26 17:11
39,133,2022-08-26 17:11
39,132,2022-08-26 17:11
40,129,2022-08-26 17:11
39,128,2022-08-26 17:11
39,127,2022-08-26 17:11
38,126,2022-08-26 17:11
38,125,2022-08-26 17:11
38,122,2022-08-26 17:11
39,121,2022-08-26 17:11
40,120,2022-08-26 17:11
40,119,2022-08-26 17:11
40,117,2022-08-26 17:11
39,114,2022-08-26 17:11
40,114,2022-08-26 17:11
41,112,2022-08-26 17:11
41,112,2022-08-26 17:11
41,109,2022-08-26 17:11
40,108,2022-08-26 17:11
40,106,2022-08-26 17:11
40,106,2022-08-26 17:11
40,105,2022-08-26 17:11
40,104,2022-08-26 17:11
39,101,2022-08-26 17:11
38,100,2022-08-26 17:11
39,99,2022-08-26 17:11
39,98,2022-08-26 17:11
40,96,2022-08-26 17:11
39,95,2022-08-26 17:11
40,93,2022-08-26 17:11
40,91,2022-08-26 17:11
40,90,2022-08-26 17:11
40,88,2022-08-26 17:11
40,87,2022-08-26 17:11
40,86,2022-08-26 17:11
39,84,2022-08-26 17:11
38,82,2022-08-26 17:11
39,82,2022-08-26 17:11
39,80,2022-08-26 17:11
39,78,2022-08-26 17:11
40,77,2022-08-26 17:11
40,76,2022-08-26 17:11
40,75,2022-08-26 17:11
39,74,2022-08-26 17:11
39,71,2022-08-26 17:11
39,70,2022-08-26 17:11
40,69,2022-08-26 17:11
41,67,2022-08-26 17:11
41,65,2022-08-26 17:11
41,64,2022-08-26 17:11
40,63,2022-08-26 17:11
41,61,2022-08-26 17:11
40,60,2022-08-26 17:11
39,59,2022-08-26 17:11
39,58,2022-08-26 17:11
39,56,2022-08-26 17:11
40,54,2022-08-26 17:11
40,53,2022-08-26 17:11
40,51,2022-08-26 17:11
39,50,2022-08-26 17:11
39,50,2022-08-26 17:11
39,48,2022-08-26 17:11
39,47,2022-08-26 17:11
39,45,2022-08-26 17:11
38,45,2022-08-26 17:11
38,44,2022-08-26 17:11
37,43,2022-08-26 17:11
38,41,2022-08-26 17:11
38,41,2022-08-26 17:11
39,40,2022-08-26 17:11
38,40,2022-08-26 17:11
38,39,2022-08-26 17:11
38,39,2022-08-26 17:11
38,38,2022-08-26 17:11
39,39,2022-08-26 17:11
39,38,2022-08-26 17:11
39,38,2022-08-26 17:11
37,38,2022-08-26 17:11
38,37,2022-08-26 17:11
39,36,2022-08-26 17:11
40,36,2022-08-26 17:11
40,36,2022-08-26 17:11
38,36,2022-08-26 17:11
38,37,2022-08-26 17:11
40,36,2022-08-26 17:11
41,36,2022-08-26 17:11
41,36,2022-08-26 17:11
40,37,2022-08-26 17:11
40,37,2022-08-26 17:11
40,37,2022-08-26 17:11
39,37,2022-08-26 17:11
39,37,2022-08-26 17:11
39,38,2022-08-26 17:11
39,40,2022-08-26 17:11
39,41,2022-08-26 17:11
39,43,2022-08-26 17:11
39,43,2022-08-26 17:11
39,45,2022-08-26 17:11
39,46,2022-08-26 17:11
39,47,2022-08-26 17:11
39,48,2022-08-26 17:11
39,49,2022-08-26 17:11
39,51,2022-08-26 17:11
39,53,2022-08-26 17:11
40,54,2022-08-26 17:11
39,56,2022-08-26 17:11
39,57,2022-08-26 17:11
39,58,2022-08-26 17:11
39,60,2022-08-26 17:11
39,61,2022-08-26 17:11
38,62,2022-08-26 17:11
38,63,2022-08-26 17:11
38,63,2022-08-26 17:11
38,65,2022-08-26 17:11
38,66,2022-08-26 17:11
38,68,2022-08-26 17:11
39,69,2022-08-26 17:11
39,70,2022-08-26 17:11
39,71,2022-08-26 17:11
38,74,2022-08-26 17:11
39,76,2022-08-26 17:11
39,76,2022-08-26 17:11
39,78,2022-08-26 17:11
40,78,2022-08-26 17:11
40,80,2022-08-26 17:11
40,82,2022-08-26 17:11
40,83,2022-08-26 17:11
41,85,2022-08-26 17:11
41,85,2022-08-26 17:11
40,87,2022-08-26 17:11
40,88,2022-08-26 17:11
40,89,2022-08-26 17:11
40,91,2022-08-26 17:11
40,92,2022-08-26 17:11
40,93,2022-08-26 17:11
39,96,2022-08-26 17:11
39,97,2022-08-26 17:11
39,98,2022-08-26 17:11
40,100,2022-08-26 17:11
40,101,2022-08-26 17:11
40,102,2022-08-26 17:11
39,104,2022-08-26 17:11
40,105,2022-08-26 17:11
40,107,2022-08-26 17:11
40,107,2022-08-26 17:11
40,108,2022-08-26 17:11
40,110,2022-08-26 17:11
40,111,2022-08-26 17:11
40,112,2022-08-26 17:11
40,114,2022-08-26 17:11
41,114,2022-08-26 17:11
40,115,2022-08-26 17:11
40,116,2022-08-26 17:11
40,117,2022-08-26 17:11
40,119,2022-08-26 17:11
40,120,2022-08-26 17:11
40,121,2022-08-26 17:11
39,121,2022-08-26 17:11
39,122,2022-08-26 17:11
39,123,2022-08-26 17:11
40,124,2022-08-26 17:11
41,126,2022-08-26 17:11
40,127,2022-08-26 17:11
40,128,2022-08-26 17:11
40,128,2022-08-26 17:11
40,129,2022-08-26 17:11
39,131,2022-08-26 17:11
39,132,2022-08-26 17:11
39,134,2022-08-26 17:11
39,133,2022-08-26 17:11
39,133,2022-08-26 17:11
39,134,2022-08-26 17:11
40,134,2022-08-26 17:11
40,134,2022-08-26 17:11
41,133,2022-08-26 17:11
41,134,2022-08-26 17:11
40,133,2022-08-26 17:11
40,132,2022-08-26 17:11
40,131,2022-08-26 17:11
40,129,2022-08-26 17:11
39,129,2022-08-26 17:11
39,127,2022-08-26 17:11
40,126,2022-08-26 17:11
40,124,2022-08-26 17:11
40,122,2022-08-26 17:11
39,122,2022-08-26 17:11
39,120,2022-08-26 17:11
39,118,2022-08-26 17:11
39,116,2022-08-26 17:11
40,114,2022-08-26 17:11
40,113,2022-08-26 17:11
39,113,2022-08-26 17:11
39,110,2022-08-26 17:11
40,108,2022-08-26 17:11
40,107,2022-08-26 17:11
39,106,2022-08-26 17:11
38,104,2022-08-26 17:11
38,104,2022-08-26 17:11
39,101,2022-08-26 17:11
41,100,2022-08-26 17:11
41,99,2022-08-26 17:11
40,97,2022-08-26 17:11
39,95,2022-08-26 17:11
39,93,2022-08-26 17:12
39,91,2022-08-26 17:12
39,91,2022-08-26 17:12
39,89,2022-08-26 17:12
39,88,2022-08-26 17:12
39,86,2022-08-26 17:12
39,85,2022-08-26 17:12
39,84,2022-08-26 17:12
39,83,2022-08-26 17:12
38,81,2022-08-26 17:12
37,79,2022-08-26 17:12
39,78,2022-08-26 17:12
40,77,2022-08-26 17:12
39,76,2022-08-26 17:12
39,74,2022-08-26 17:12
39,72,2022-08-26 17:12
40,71,2022-08-26 17:12
39,69,2022-08-26 17:12
40,68,2022-08-26 17:12
39,66,2022-08-26 17:12
39,65,2022-08-26 17:12
38,65,2022-08-26 17:12
39,63,2022-08-26 17:12
40,61,2022-08-26 17:12
40,61,2022-08-26 17:12
40,59,2022-08-26 17:12
41,59,2022-08-26 17:12
41,57,2022-08-26 17:12
40,55,2022-08-26 17:12
38,53,2022-08-26 17:12
38,52,2022-08-26 17:12
38,51,2022-08-26 17:12
39,49,2022-08-26 17:12
39,49,2022-08-26 17:12
38,47,2022-08-26 17:12
39,47,2022-08-26 17:12
39,45,2022-08-26 17:12
39,45,2022-08-26 17:12
38,44,2022-08-26 17:12
38,43,2022-08-26 17:12
39,42,2022-08-26 17:12
39,41,2022-08-26 17:12
40,41,2022-08-26 17:12
40,41,2022-08-26 17:12
40,40,2022-08-26 17:12
39,39,2022-08-26 17:12
39,40,2022-08-26 17:12
38,39,2022-08-26 17:12
38,38,2022-08-26 17:12
38,38,2022-08-26 17:12
38,37,2022-08-26 17:12
38,37,2022-08-26 17:12
38,36,2022-08-26 17:12
39,36,2022-08-26 17:12
40,36,2022-08-26 17:12
40,36,2022-08-26 17:12
40,36,2022-08-26 17:12
39,36,2022-08-26 17:12
38,36,2022-08-26 17:12
38,36,2022-08-26 17:12
39,36,2022-08-26 17:12
39,36,2022-08-26 17:12
38,36,2022-08-26 17:12
38,36,2022-08-26 17:12
38,36,2022-08-26 17:12
39,36,2022-08-26 17:12
38,37,2022-08-26 17:12
38,37,2022-08-26 17:12
38,38,2022-08-26 17:12
39,39,2022-08-26 17:12
39,40,2022-08-26 17:12
39,41,2022-08-26 17:12
39,42,2022-08-26 17:12
39,44,2022-08-26 17:12
39,45,2022-08-26 17:12
39,46,2022-08-26 17:12
39,47,2022-08-26 17:12
38,48,2022-08-26 17:12
39,49,2022-08-26 17:12
40,50,2022-08-26 17:12
40,52,2022-08-26 17:12
39,53,2022-08-26 17:12
40,55,2022-08-26 17:12
40,57,2022-08-26 17:12
40,58,2022-08-26 17:12
38,60,2022-08-26 17:12
38,59,2022-08-26 17:12
38,60,2022-08-26 17:12
39,63,2022-08-26 17:12
39,64,2022-08-26 17:12
40,64,2022-08-26 17:12
38,66,2022-08-26 17:12
39,67,2022-08-26 17:12
38,69,2022-08-26 17:12
39,70,2022-08-26 17:12
39,71,2022-08-26 17:12
39,74,2022-08-26 17:12
39,75,2022-08-26 17:12
39,75,2022-08-26 17:12
39,77,2022-08-26 17:12
40,78,2022-08-26 17:12
40,81,2022-08-26 17:12
40,82,2022-08-26 17:12
39,82,2022-08-26 17:12
39,84,2022-08-26 17:12
39,85,2022-08-26 17:12
39,87,2022-08-26 17:12
39,88,2022-08-26 17:12
39,89,2022-08-26 17:12
39,91,2022-08-26 17:12
39,92,2022-08-26 17:12
39,93,2022-08-26 17:12
39,96,2022-08-26 17:12
39,97,2022-08-26 17:12
39,98,2022-08-26 17:12
40,100,2022-08-26 17:12
40,101,2022-08-26 17:12
40,102,2022-08-26 17:12
39,104,2022-08-26 17:12
39,106,2022-08-26 17:12
39,108,2022-08-26 17:12
39,108,2022-08-26 17:12
39,108,2022-08-26 17:12
39,110,2022-08-26 17:12
39,112,2022-08-26 17:12
39,114,2022-08-26 17:12
39,115,2022-08-26 17:12
39,115,2022-08-26 17:12
39,118,2022-08-26 17:12
39,118,2022-08-26 17:12
40,119,2022-08-26 17:12
40,122,2022-08-26 17:12
41,122,2022-08-26 17:12
41,123,2022-08-26 17:12
41,124,2022-08-26 17:12
41,126,2022-08-26 17:12
41,126,2022-08-26 17:12
40,128,2022-08-26 17:12
39,128,2022-08-26 17:12
39,130,2022-08-26 17:12
40,131,2022-08-26 17:12
41,132,2022-08-26 17:12
41,133,2022-08-26 17:12
40,133,2022-08-26 17:12
41,133,2022-08-26 17:12
40,135,2022-08-26 17:12
40,137,2022-08-26 17:12
40,137,2022-08-26 17:12
40,137,2022-08-26 17:12
39,137,2022-08-26 17:12
39,137,2022-08-26 17:12
39,137,2022-08-26 17:12
39,137,2022-08-26 17:12
39,136,2022-08-26 17:12
40,135,2022-08-26 17:12
40,135,2022-08-26 17:12
40,132,2022-08-26 17:12
40,131,2022-08-26 17:12
40,130,2022-08-26 17:12
40,128,2022-08-26 17:12
39,127,2022-08-26 17:12
40,125,2022-08-26 17:12
40,123,2022-08-26 17:12
40,122,2022-08-26 17:12
40,121,2022-08-26 17:12
40,119,2022-08-26 17:12
40,118,2022-08-26 17:12
40,116,2022-08-26 17:12
40,114,2022-08-26 17:12
39,113,2022-08-26 17:12
39,112,2022-08-26 17:12
40,110,2022-08-26 17:12
40,108,2022-08-26 17:12
40,107,2022-08-26 17:12
39,106,2022-08-26 17:12
40,104,2022-08-26 17:12
41,104,2022-08-26 17:12
40,103,2022-08-26 17:12
40,99,2022-08-26 17:12
40,99,2022-08-26 17:12
40,98,2022-08-26 17:12
40,97,2022-08-26 17:12
39,95,2022-08-26 17:12
39,93,2022-08-26 17:12
39,92,2022-08-26 17:12
40,90,2022-08-26 17:12
39,89,2022-08-26 17:12
39,87,2022-08-26 17:12
39,86,2022-08-26 17:12
39,85,2022-08-26 17:12
39,84,2022-08-26 17:12
40,82,2022-08-26 17:12
39,81,2022-08-26 17:12
39,79,2022-08-26 17:12
38,78,2022-08-26 17:12
39,77,2022-08-26 17:12
38,75,2022-08-26 17:12
39,73,2022-08-26 17:12
39,71,2022-08-26 17:12
40,71,2022-08-26 17:12
40,68,2022-08-26 17:12
39,67,2022-08-26 17:12
38,66,2022-08-26 17:12
38,65,2022-08-26 17:12
39,63,2022-08-26 17:12
39,61,2022-08-26 17:12
40,60,2022-08-26 17:12
39,60,2022-08-26 17:12
39,58,2022-08-26 17:12
39,57,2022-08-26 17:12
39,55,2022-08-26 17:12
38,54,2022-08-26 17:12
38,52,2022-08-26 17:12
39,51,2022-08-26 17:12
40,49,2022-08-26 17:12
39,49,2022-08-26 17:12
39,47,2022-08-26 17:12
38,46,2022-08-26 17:12
39,45,2022-08-26 17:12
40,44,2022-08-26 17:12
40,44,2022-08-26 17:12
39,42,2022-08-26 17:12
