heading,timestamp
128,2022-08-26 16:59
128,2022-08-26 16:59
127,2022-08-26 16:59
126,2022-08-26 16:59
125,2022-08-26 16:59
124,2022-08-26 16:59
121,2022-08-26 16:59
121,2022-08-26 16:59
119,2022-08-26 16:59
118,2022-08-26 16:59
116,2022-08-26 16:59
115,2022-08-26 16:59
113,2022-08-26 16:59
112,2022-08-26 16:59
110,2022-08-26 16:59
109,2022-08-26 16:59
109,2022-08-26 16:59
108,2022-08-26 16:59
107,2022-08-26 16:59
105,2022-08-26 16:59
103,2022-08-26 16:59
102,2022-08-26 16:59
100,2022-08-26 16:59
98,2022-08-26 16:59
96,2022-08-26 16:59
94,2022-08-26 16:59
93,2022-08-26 16:59
93,2022-08-26 16:59
90,2022-08-26 16:59
88,2022-08-26 16:59
88,2022-08-26 16:59
85,2022-08-26 16:59
84,2022-08-26 16:59
83,2022-08-26 16:59
81,2022-08-26 16:59
80,2022-08-26 16:59
78,2022-08-26 16:59
77,2022-08-26 16:59
76,2022-08-26 16:59
74,2022-08-26 16:59
73,2022-08-26 16:59
72,2022-08-26 16:59
71,2022-08-26 16:59
69,2022-08-26 16:59
67,2022-08-26 16:59
66,2022-08-26 16:59
66,2022-08-26 16:59
64,2022-08-26 16:59
62,2022-08-26 17:00
62,2022-08-26 17:00
61,2022-08-26 17:00
60,2022-08-26 17:00
57,2022-08-26 17:00
57,2022-08-26 17:00
57,2022-08-26 17:00
57,2022-08-26 17:00
56,2022-08-26 17:00
53,2022-08-26 17:00
50,2022-08-26 17:00
49,2022-08-26 17:00
50,2022-08-26 17:00
48,2022-08-26 17:00
47,2022-08-26 17:00
47,2022-08-26 17:00
45,2022-08-26 17:00
44,2022-08-26 17:00
42,2022-08-26 17:00
41,2022-08-26 17:00
40,2022-08-26 17:00
40,2022-08-26 17:00
40,2022-08-26 17:00
39,2022-08-26 17:00
39,2022-08-26 17:00
38,2022-08-26 17:00
38,2022-08-26 17:00
37,2022-08-26 17:00
37,2022-08-26 17:00
37,2022-08-26 17:00
37,2022-08-26 17:00
37,2022-08-26 17:00
37,2022-08-26 17:00
37,2022-08-26 17:00
36,2022-08-26 17:00
36,2022-08-26 17:00
36,2022-08-26 17:00
35,2022-08-26 17:00
35,2022-08-26 17:00
36,2022-08-26 17:00
35,2022-08-26 17:00
35,2022-08-26 17:00
36,2022-08-26 17:00
35,2022-08-26 17:00
36,2022-08-26 17:00
36,2022-08-26 17:00
36,2022-08-26 17:00
35,2022-08-26 17:00
35,2022-08-26 17:00
37,2022-08-26 17:00
38,2022-08-26 17:00
38,2022-08-26 17:00
40,2022-08-26 17:00
41,2022-08-26 17:00
41,2022-08-26 17:00
42,2022-08-26 17:00
43,2022-08-26 17:00
45,2022-08-26 17:00
46,2022-08-26 17:00
47,2022-08-26 17:00
48,2022-08-26 17:00
50,2022-08-26 17:00
51,2022-08-26 17:00
52,2022-08-26 17:00
54,2022-08-26 17:00
56,2022-08-26 17:00
58,2022-08-26 17:00
59,2022-08-26 17:00
60,2022-08-26 17:00
60,2022-08-26 17:00
61,2022-08-26 17:00
64,2022-08-26 17:00
64,2022-08-26 17:00
65,2022-08-26 17:00
67,2022-08-26 17:00
69,2022-08-26 17:00
71,2022-08-26 17:00
72,2022-08-26 17:00
72,2022-08-26 17:00
74,2022-08-26 17:00
76,2022-08-26 17:00
76,2022-08-26 17:00
78,2022-08-26 17:00
80,2022-08-26 17:00
82,2022-08-26 17:00
83,2022-08-26 17:00
85,2022-08-26 17:00
86,2022-08-26 17:00
86,2022-08-26 17:00
88,2022-08-26 17:00
91,2022-08-26 17:00
92,2022-08-26 17:00
93,2022-08-26 17:00
93,2022-08-26 17:00
96,2022-08-26 17:00
98,2022-08-26 17:00
100,2022-08-26 17:00
100,2022-08-26 17:00
102,2022-08-26 17:00
103,2022-08-26 17:00
105,2022-08-26 17:00
106,2022-08-26 17:00
107,2022-08-26 17:00
109,2022-08-26 17:00
111,2022-08-26 17:00
111,2022-08-26 17:00
112,2022-08-26 17:00
114,2022-08-26 17:00
116,2022-08-26 17:00
117,2022-08-26 17:00
118,2022-08-26 17:00
119,2022-08-26 17:00
121,2022-08-26 17:00
122,2022-08-26 17:00
123,2022-08-26 17:00
124,2022-08-26 17:00
126,2022-08-26 17:00
128,2022-08-26 17:00
128,2022-08-26 17:00
129,2022-08-26 17:00
131,2022-08-26 17:00
132,2022-08-26 17:00
133,2022-08-26 17:00
134,2022-08-26 17:00
134,2022-08-26 17:00
136,2022-08-26 17:00
138,2022-08-26 17:00
140,2022-08-26 17:00
140,2022-08-26 17:00
140,2022-08-26 17:00
140,2022-08-26 17:00
140,2022-08-26 17:00
140,2022-08-26 17:00
140,2022-08-26 17:00
140,2022-08-26 17:00
139,2022-08-26 17:00
138,2022-08-26 17:00
137,2022-08-26 17:00
136,2022-08-26 17:00
134,2022-08-26 17:00
132,2022-08-26 17:00
131,2022-08-26 17:00
131,2022-08-26 17:00
129,2022-08-26 17:00
127,2022-08-26 17:00
125,2022-08-26 17:00
125,2022-08-26 17:00
123,2022-08-26 17:00
121,2022-08-26 17:00
120,2022-08-26 17:00
120,2022-08-26 17:00
117,2022-08-26 17:00
116,2022-08-26 17:00
115,2022-08-26 17:00
114,2022-08-26 17:00
113,2022-08-26 17:00
111,2022-08-26 17:00
109,2022-08-26 17:00
108,2022-08-26 17:00
108,2022-08-26 17:00
107,2022-08-26 17:00
104,2022-08-26 17:00
102,2022-08-26 17:00
102,2022-08-26 17:00
100,2022-08-26 17:00
99,2022-08-26 17:00
97,2022-08-26 17:00
94,2022-08-26 17:00
93,2022-08-26 17:00
92,2022-08-26 17:00
90,2022-08-26 17:00
88,2022-08-26 17:00
86,2022-08-26 17:00
85,2022-08-26 17:00
84,2022-08-26 17:00
83,2022-08-26 17:00
82,2022-08-26 17:00
80,2022-08-26 17:00
78,2022-08-26 17:00
77,2022-08-26 17:00
77,2022-08-26 17:00
74,2022-08-26 17:00
73,2022-08-26 17:00
71,2022-08-26 17:00
71,2022-08-26 17:00
68,2022-08-26 17:00
66,2022-08-26 17:00
66,2022-08-26 17:00
65,2022-08-26 17:00
63,2022-08-26 17:00
63,2022-08-26 17:00
61,2022-08-26 17:00
61,2022-08-26 17:00
59,2022-08-26 17:00
57,2022-08-26 17:00
57,2022-08-26 17:00
56,2022-08-26 17:00
56,2022-08-26 17:00
54,2022-08-26 17:00
51,2022-08-26 17:00
50,2022-08-26 17:00
49,2022-08-26 17:00
48,2022-08-26 17:00
47,2022-08-26 17:00
46,2022-08-26 17:00
45,2022-08-26 17:00
44,2022-08-26 17:00
42,2022-08-26 17:00
41,2022-08-26 17:00
40,2022-08-26 17:00
39,2022-08-26 17:00
39,2022-08-26 17:00
39,2022-08-26 17:00
39,2022-08-26 17:00
38,2022-08-26 17:00
37,2022-08-26 17:00
36,2022-08-26 17:00
37,2022-08-26 17:00
36,2022-08-26 17:00
37,2022-08-26 17:00
36,2022-08-26 17:00
36,2022-08-26 17:00
35,2022-08-26 17:00
36,2022-08-26 17:00
37,2022-08-26 17:00
36,2022-08-26 17:00
36,2022-08-26 17:00
37,2022-08-26 17:00
37,2022-08-26 17:00
37,2022-08-26 17:00
39,2022-08-26 17:00
40,2022-08-26 17:00
41,2022-08-26 17:00
42,2022-08-26 17:00
42,2022-08-26 17:00
44,2022-08-26 17:00
46,2022-08-26 17:00
47,2022-08-26 17:00
47,2022-08-26 17:00
48,2022-08-26 17:00
50,2022-08-26 17:00
51,2022-08-26 17:00
53,2022-08-26 17:00
54,2022-08-26 17:00
56,2022-08-26 17:00
58,2022-08-26 17:00
58,2022-08-26 17:00
60,2022-08-26 17:00
60,2022-08-26 17:00
62,2022-08-26 17:00
64,2022-08-26 17:00
65,2022-08-26 17:00
66,2022-08-26 17:00
68,2022-08-26 17:00
69,2022-08-26 17:00
71,2022-08-26 17:00
72,2022-08-26 17:00
73,2022-08-26 17:00
75,2022-08-26 17:00
77,2022-08-26 17:00
77,2022-08-26 17:00
79,2022-08-26 17:00
80,2022-08-26 17:00
83,2022-08-26 17:00
84,2022-08-26 17:00
85,2022-08-26 17:00
87,2022-08-26 17:00
87,2022-08-26 17:00
89,2022-08-26 17:00
91,2022-08-26 17:01
91,2022-08-26 17:01
94,2022-08-26 17:01
95,2022-08-26 17:01
97,2022-08-26 17:01
99,2022-08-26 17:01
101,2022-08-26 17:01
102,2022-08-26 17:01
103,2022-08-26 17:01
104,2022-08-26 17:01
106,2022-08-26 17:01
107,2022-08-26 17:01
108,2022-08-26 17:01
110,2022-08-26 17:01
111,2022-08-26 17:01
111,2022-08-26 17:01
113,2022-08-26 17:01
115,2022-08-26 17:01
116,2022-08-26 17:01
117,2022-08-26 17:01
119,2022-08-26 17:01
120,2022-08-26 17:01
121,2022-08-26 17:01
122,2022-08-26 17:01
124,2022-08-26 17:01
126,2022-08-26 17:01
127,2022-08-26 17:01
129,2022-08-26 17:01
129,2022-08-26 17:01
131,2022-08-26 17:01
131,2022-08-26 17:01
132,2022-08-26 17:01
134,2022-08-26 17:01
135,2022-08-26 17:01
134,2022-08-26 17:01
136,2022-08-26 17:01
138,2022-08-26 17:01
138,2022-08-26 17:01
140,2022-08-26 17:01
142,2022-08-26 17:01
142,2022-08-26 17:01
142,2022-08-26 17:01
143,2022-08-26 17:01
142,2022-08-26 17:01
142,2022-08-26 17:01
141,2022-08-26 17:01
141,2022-08-26 17:01
140,2022-08-26 17:01
139,2022-08-26 17:01
138,2022-08-26 17:01
137,2022-08-26 17:01
136,2022-08-26 17:01
133,2022-08-26 17:01
131,2022-08-26 17:01
130,2022-08-26 17:01
129,2022-08-26 17:01
128,2022-08-26 17:01
126,2022-08-26 17:01
125,2022-08-26 17:01
123,2022-08-26 17:01
122,2022-08-26 17:01
120,2022-08-26 17:01
119,2022-08-26 17:01
117,2022-08-26 17:01
115,2022-08-26 17:01
114,2022-08-26 17:01
113,2022-08-26 17:01
111,2022-08-26 17:01
109,2022-08-26 17:01
108,2022-08-26 17:01
107,2022-08-26 17:01
105,2022-08-26 17:01
102,2022-08-26 17:01
102,2022-08-26 17:01
100,2022-08-26 17:01
98,2022-08-26 17:01
98,2022-08-26 17:01
97,2022-08-26 17:01
93,2022-08-26 17:01
92,2022-08-26 17:01
92,2022-08-26 17:01
90,2022-08-26 17:01
87,2022-08-26 17:01
86,2022-08-26 17:01
85,2022-08-26 17:01
84,2022-08-26 17:01
82,2022-08-26 17:01
79,2022-08-26 17:01
79,2022-08-26 17:01
78,2022-08-26 17:01
76,2022-08-26 17:01
75,2022-08-26 17:01
72,2022-08-26 17:01
71,2022-08-26 17:01
71,2022-08-26 17:01
69,2022-08-26 17:01
67,2022-08-26 17:01
65,2022-08-26 17:01
64,2022-08-26 17:01
62,2022-08-26 17:01
61,2022-08-26 17:01
60,2022-08-26 17:01
59,2022-08-26 17:01
57,2022-08-26 17:01
57,2022-08-26 17:01
57,2022-08-26 17:01
56,2022-08-26 17:01
52,2022-08-26 17:01
50,2022-08-26 17:01
51,2022-08-26 17:01
49,2022-08-26 17:01
48,2022-08-26 17:01
46,2022-08-26 17:01
45,2022-08-26 17:01
44,2022-08-26 17:01
43,2022-08-26 17:01
41,2022-08-26 17:01
41,2022-08-26 17:01
39,2022-08-26 17:01
39,2022-08-26 17:01
39,2022-08-26 17:01
38,2022-08-26 17:01
38,2022-08-26 17:01
38,2022-08-26 17:01
37,2022-08-26 17:01
37,2022-08-26 17:01
37,2022-08-26 17:01
37,2022-08-26 17:01
37,2022-08-26 17:01
38,2022-08-26 17:01
37,2022-08-26 17:01
37,2022-08-26 17:01
37,2022-08-26 17:01
37,2022-08-26 17:01
38,2022-08-26 17:01
37,2022-08-26 17:01
37,2022-08-26 17:01
37,2022-08-26 17:01
37,2022-08-26 17:01
37,2022-08-26 17:01
38,2022-08-26 17:01
40,2022-08-26 17:01
41,2022-08-26 17:01
41,2022-08-26 17:01
42,2022-08-26 17:01
43,2022-08-26 17:01
44,2022-08-26 17:01
45,2022-08-26 17:01
46,2022-08-26 17:01
47,2022-08-26 17:01
47,2022-08-26 17:01
50,2022-08-26 17:01
50,2022-08-26 17:01
51,2022-08-26 17:01
53,2022-08-26 17:01
54,2022-08-26 17:01
57,2022-08-26 17:01
58,2022-08-26 17:01
60,2022-08-26 17:01
60,2022-08-26 17:01
61,2022-08-26 17:01
61,2022-08-26 17:01
62,2022-08-26 17:01
64,2022-08-26 17:01
65,2022-08-26 17:01
66,2022-08-26 17:01
68,2022-08-26 17:01
70,2022-08-26 17:01
71,2022-08-26 17:01
71,2022-08-26 17:01
74,2022-08-26 17:01
75,2022-08-26 17:01
77,2022-08-26 17:01
77,2022-08-26 17:01
79,2022-08-26 17:01
81,2022-08-26 17:01
82,2022-08-26 17:01
84,2022-08-26 17:01
84,2022-08-26 17:01
86,2022-08-26 17:01
87,2022-08-26 17:01
89,2022-08-26 17:01
89,2022-08-26 17:01
91,2022-08-26 17:01
92,2022-08-26 17:01
93,2022-08-26 17:01
96,2022-08-26 17:01
98,2022-08-26 17:01
98,2022-08-26 17:01
101,2022-08-26 17:01
102,2022-08-26 17:01
103,2022-08-26 17:01
105,2022-08-26 17:01
106,2022-08-26 17:01
107,2022-08-26 17:01
109,2022-08-26 17:01
110,2022-08-26 17:01
111,2022-08-26 17:01
112,2022-08-26 17:01
113,2022-08-26 17:01
115,2022-08-26 17:01
116,2022-08-26 17:01
117,2022-08-26 17:01
118,2022-08-26 17:01
119,2022-08-26 17:01
121,2022-08-26 17:01
121,2022-08-26 17:01
124,2022-08-26 17:01
125,2022-08-26 17:01
126,2022-08-26 17:01
127,2022-08-26 17:01
128,2022-08-26 17:01
130,2022-08-26 17:01
131,2022-08-26 17:01
132,2022-08-26 17:01
133,2022-08-26 17:01
135,2022-08-26 17:01
135,2022-08-26 17:01
135,2022-08-26 17:01
137,2022-08-26 17:01
139,2022-08-26 17:01
138,2022-08-26 17:01
138,2022-08-26 17:01
137,2022-08-26 17:01
138,2022-08-26 17:01
138,2022-08-26 17:01
137,2022-08-26 17:01
136,2022-08-26 17:01
135,2022-08-26 17:01
134,2022-08-26 17:01
132,2022-08-26 17:01
131,2022-08-26 17:01
129,2022-08-26 17:01
128,2022-08-26 17:01
127,2022-08-26 17:01
125,2022-08-26 17:01
123,2022-08-26 17:01
122,2022-08-26 17:01
122,2022-08-26 17:01
120,2022-08-26 17:01
118,2022-08-26 17:01
117,2022-08-26 17:01
116,2022-08-26 17:01
115,2022-08-26 17:01
113,2022-08-26 17:01
111,2022-08-26 17:01
111,2022-08-26 17:01
109,2022-08-26 17:01
108,2022-08-26 17:01
108,2022-08-26 17:01
105,2022-08-26 17:01
104,2022-08-26 17:01
102,2022-08-26 17:01
101,2022-08-26 17:01
99,2022-08-26 17:01
99,2022-08-26 17:01
98,2022-08-26 17:01
95,2022-08-26 17:01
92,2022-08-26 17:01
92,2022-08-26 17:01
91,2022-08-26 17:01
89,2022-08-26 17:01
87,2022-08-26 17:01
86,2022-08-26 17:01
85,2022-08-26 17:01
83,2022-08-26 17:01
81,2022-08-26 17:01
80,2022-08-26 17:01
78,2022-08-26 17:01
77,2022-08-26 17:02
77,2022-08-26 17:02
73,2022-08-26 17:02
72,2022-08-26 17:02
72,2022-08-26 17:02
70,2022-08-26 17:02
69,2022-08-26 17:02
66,2022-08-26 17:02
66,2022-08-26 17:02
65,2022-08-26 17:02
64,2022-08-26 17:02
62,2022-08-26 17:02
61,2022-08-26 17:02
60,2022-08-26 17:02
59,2022-08-26 17:02
58,2022-08-26 17:02
56,2022-08-26 17:02
55,2022-08-26 17:02
52,2022-08-26 17:02
51,2022-08-26 17:02
51,2022-08-26 17:02
49,2022-08-26 17:02
48,2022-08-26 17:02
47,2022-08-26 17:02
46,2022-08-26 17:02
45,2022-08-26 17:02
44,2022-08-26 17:02
42,2022-08-26 17:02
42,2022-08-26 17:02
40,2022-08-26 17:02
39,2022-08-26 17:02
39,2022-08-26 17:02
39,2022-08-26 17:02
39,2022-08-26 17:02
39,2022-08-26 17:02
38,2022-08-26 17:02
37,2022-08-26 17:02
37,2022-08-26 17:02
36,2022-08-26 17:02
36,2022-08-26 17:02
35,2022-08-26 17:02
35,2022-08-26 17:02
35,2022-08-26 17:02
35,2022-08-26 17:02
35,2022-08-26 17:02
35,2022-08-26 17:02
35,2022-08-26 17:02
35,2022-08-26 17:02
35,2022-08-26 17:02
36,2022-08-26 17:02
36,2022-08-26 17:02
37,2022-08-26 17:02
37,2022-08-26 17:02
38,2022-08-26 17:02
39,2022-08-26 17:02
40,2022-08-26 17:02
40,2022-08-26 17:02
42,2022-08-26 17:02
43,2022-08-26 17:02
44,2022-08-26 17:02
45,2022-08-26 17:02
47,2022-08-26 17:02
48,2022-08-26 17:02
49,2022-08-26 17:02
50,2022-08-26 17:02
50,2022-08-26 17:02
53,2022-08-26 17:02
54,2022-08-26 17:02
57,2022-08-26 17:02
58,2022-08-26 17:02
59,2022-08-26 17:02
61,2022-08-26 17:02
62,2022-08-26 17:02
62,2022-08-26 17:02
63,2022-08-26 17:02
65,2022-08-26 17:02
66,2022-08-26 17:02
68,2022-08-26 17:02
69,2022-08-26 17:02
70,2022-08-26 17:02
72,2022-08-26 17:02
73,2022-08-26 17:02
75,2022-08-26 17:02
76,2022-08-26 17:02
77,2022-08-26 17:02
80,2022-08-26 17:02
81,2022-08-26 17:02
82,2022-08-26 17:02
83,2022-08-26 17:02
85,2022-08-26 17:02
86,2022-08-26 17:02
87,2022-08-26 17:02
88,2022-08-26 17:02
90,2022-08-26 17:02
92,2022-08-26 17:02
92,2022-08-26 17:02
93,2022-08-26 17:02
95,2022-08-26 17:02
97,2022-08-26 17:02
99,2022-08-26 17:02
99,2022-08-26 17:02
100,2022-08-26 17:02
103,2022-08-26 17:02
104,2022-08-26 17:02
105,2022-08-26 17:02
107,2022-08-26 17:02
108,2022-08-26 17:02
109,2022-08-26 17:02
111,2022-08-26 17:02
111,2022-08-26 17:02
112,2022-08-26 17:02
114,2022-08-26 17:02
115,2022-08-26 17:02
117,2022-08-26 17:02
118,2022-08-26 17:02
120,2022-08-26 17:02
121,2022-08-26 17:02
122,2022-08-26 17:02
123,2022-08-26 17:02
123,2022-08-26 17:02
125,2022-08-26 17:02
125,2022-08-26 17:02
125,2022-08-26 17:02
126,2022-08-26 17:02
125,2022-08-26 17:02
126,2022-08-26 17:02
128,2022-08-26 17:02
129,2022-08-26 17:02
130,2022-08-26 17:02
131,2022-08-26 17:02
131,2022-08-26 17:02
132,2022-08-26 17:02
132,2022-08-26 17:02
132,2022-08-26 17:02
132,2022-08-26 17:02
132,2022-08-26 17:02
132,2022-08-26 17:02
131,2022-08-26 17:02
130,2022-08-26 17:02
129,2022-08-26 17:02
128,2022-08-26 17:02
127,2022-08-26 17:02
126,2022-08-26 17:02
124,2022-08-26 17:02
123,2022-08-26 17:02
122,2022-08-26 17:02
120,2022-08-26 17:02
119,2022-08-26 17:02
116,2022-08-26 17:02
115,2022-08-26 17:02
114,2022-08-26 17:02
112,2022-08-26 17:02
111,2022-08-26 17:02
109,2022-08-26 17:02
108,2022-08-26 17:02
106,2022-08-26 17:02
106,2022-08-26 17:02
104,2022-08-26 17:02
102,2022-08-26 17:02
101,2022-08-26 17:02
99,2022-08-26 17:02
98,2022-08-26 17:02
95,2022-08-26 17:02
93,2022-08-26 17:02
93,2022-08-26 17:02
92,2022-08-26 17:02
90,2022-08-26 17:02
89,2022-08-26 17:02
87,2022-08-26 17:02
85,2022-08-26 17:02
84,2022-08-26 17:02
84,2022-08-26 17:02
83,2022-08-26 17:02
80,2022-08-26 17:02
79,2022-08-26 17:02
78,2022-08-26 17:02
77,2022-08-26 17:02
77,2022-08-26 17:02
74,2022-08-26 17:02
72,2022-08-26 17:02
72,2022-08-26 17:02
70,2022-08-26 17:02
68,2022-08-26 17:02
66,2022-08-26 17:02
66,2022-08-26 17:02
65,2022-08-26 17:02
64,2022-08-26 17:02
62,2022-08-26 17:02
62,2022-08-26 17:02
60,2022-08-26 17:02
59,2022-08-26 17:02
58,2022-08-26 17:02
58,2022-08-26 17:02
57,2022-08-26 17:02
55,2022-08-26 17:02
52,2022-08-26 17:02
51,2022-08-26 17:02
51,2022-08-26 17:02
50,2022-08-26 17:02
48,2022-08-26 17:02
47,2022-08-26 17:02
45,2022-08-26 17:02
44,2022-08-26 17:02
44,2022-08-26 17:02
42,2022-08-26 17:02
41,2022-08-26 17:02
40,2022-08-26 17:02
40,2022-08-26 17:02
40,2022-08-26 17:02
39,2022-08-26 17:02
39,2022-08-26 17:02
38,2022-08-26 17:02
38,2022-08-26 17:02
37,2022-08-26 17:02
36,2022-08-26 17:02
36,2022-08-26 17:02
36,2022-08-26 17:02
36,2022-08-26 17:02
35,2022-08-26 17:02
35,2022-08-26 17:02
35,2022-08-26 17:02
36,2022-08-26 17:02
36,2022-08-26 17:02
35,2022-08-26 17:02
35,2022-08-26 17:02
36,2022-08-26 17:02
35,2022-08-26 17:02
36,2022-08-26 17:02
36,2022-08-26 17:02
36,2022-08-26 17:02
36,2022-08-26 17:02
36,2022-08-26 17:02
37,2022-08-26 17:02
38,2022-08-26 17:02
39,2022-08-26 17:02
40,2022-08-26 17:02
41,2022-08-26 17:02
42,2022-08-26 17:02
43,2022-08-26 17:02
44,2022-08-26 17:02
45,2022-08-26 17:02
46,2022-08-26 17:02
47,2022-08-26 17:02
48,2022-08-26 17:02
48,2022-08-26 17:02
50,2022-08-26 17:02
51,2022-08-26 17:02
53,2022-08-26 17:02
54,2022-08-26 17:02
56,2022-08-26 17:02
57,2022-08-26 17:02
57,2022-08-26 17:02
60,2022-08-26 17:02
62,2022-08-26 17:02
62,2022-08-26 17:02
62,2022-08-26 17:02
65,2022-08-26 17:02
65,2022-08-26 17:02
67,2022-08-26 17:02
69,2022-08-26 17:02
70,2022-08-26 17:02
72,2022-08-26 17:02
73,2022-08-26 17:02
74,2022-08-26 17:02
76,2022-08-26 17:02
77,2022-08-26 17:02
79,2022-08-26 17:02
81,2022-08-26 17:02
81,2022-08-26 17:03
83,2022-08-26 17:03
85,2022-08-26 17:03
86,2022-08-26 17:03
87,2022-08-26 17:03
88,2022-08-26 17:03
90,2022-08-26 17:03
92,2022-08-26 17:03
92,2022-08-26 17:03
93,2022-08-26 17:03
96,2022-08-26 17:03
98,2022-08-26 17:03
99,2022-08-26 17:03
101,2022-08-26 17:03
102,2022-08-26 17:03
103,2022-08-26 17:03
105,2022-08-26 17:03
106,2022-08-26 17:03
107,2022-08-26 17:03
108,2022-08-26 17:03
109,2022-08-26 17:03
110,2022-08-26 17:03
111,2022-08-26 17:03
114,2022-08-26 17:03
114,2022-08-26 17:03
116,2022-08-26 17:03
117,2022-08-26 17:03
118,2022-08-26 17:03
121,2022-08-26 17:03
121,2022-08-26 17:03
122,2022-08-26 17:03
123,2022-08-26 17:03
125,2022-08-26 17:03
127,2022-08-26 17:03
128,2022-08-26 17:03
128,2022-08-26 17:03
129,2022-08-26 17:03
132,2022-08-26 17:03
132,2022-08-26 17:03
133,2022-08-26 17:03
134,2022-08-26 17:03
135,2022-08-26 17:03
135,2022-08-26 17:03
137,2022-08-26 17:03
136,2022-08-26 17:03
137,2022-08-26 17:03
137,2022-08-26 17:03
136,2022-08-26 17:03
136,2022-08-26 17:03
136,2022-08-26 17:03
135,2022-08-26 17:03
134,2022-08-26 17:03
132,2022-08-26 17:03
132,2022-08-26 17:03
130,2022-08-26 17:03
129,2022-08-26 17:03
127,2022-08-26 17:03
126,2022-08-26 17:03
124,2022-08-26 17:03
122,2022-08-26 17:03
121,2022-08-26 17:03
120,2022-08-26 17:03
119,2022-08-26 17:03
118,2022-08-26 17:03
116,2022-08-26 17:03
114,2022-08-26 17:03
113,2022-08-26 17:03
112,2022-08-26 17:03
110,2022-08-26 17:03
109,2022-08-26 17:03
107,2022-08-26 17:03
107,2022-08-26 17:03
106,2022-08-26 17:03
103,2022-08-26 17:03
101,2022-08-26 17:03
100,2022-08-26 17:03
99,2022-08-26 17:03
99,2022-08-26 17:03
96,2022-08-26 17:03
94,2022-08-26 17:03
93,2022-08-26 17:03
92,2022-08-26 17:03
90,2022-08-26 17:03
88,2022-08-26 17:03
87,2022-08-26 17:03
86,2022-08-26 17:03
84,2022-08-26 17:03
82,2022-08-26 17:03
81,2022-08-26 17:03
80,2022-08-26 17:03
78,2022-08-26 17:03
77,2022-08-26 17:03
75,2022-08-26 17:03
74,2022-08-26 17:03
72,2022-08-26 17:03
71,2022-08-26 17:03
69,2022-08-26 17:03
68,2022-08-26 17:03
67,2022-08-26 17:03
65,2022-08-26 17:03
64,2022-08-26 17:03
63,2022-08-26 17:03
62,2022-08-26 17:03
60,2022-08-26 17:03
59,2022-08-26 17:03
59,2022-08-26 17:03
57,2022-08-26 17:03
56,2022-08-26 17:03
55,2022-08-26 17:03
53,2022-08-26 17:03
52,2022-08-26 17:03
51,2022-08-26 17:03
50,2022-08-26 17:03
49,2022-08-26 17:03
48,2022-08-26 17:03
47,2022-08-26 17:03
46,2022-08-26 17:03
44,2022-08-26 17:03
44,2022-08-26 17:03
42,2022-08-26 17:03
41,2022-08-26 17:03
40,2022-08-26 17:03
39,2022-08-26 17:03
39,2022-08-26 17:03
39,2022-08-26 17:03
39,2022-08-26 17:03
38,2022-08-26 17:03
38,2022-08-26 17:03
37,2022-08-26 17:03
37,2022-08-26 17:03
36,2022-08-26 17:03
36,2022-08-26 17:03
36,2022-08-26 17:03
36,2022-08-26 17:03
36,2022-08-26 17:03
35,2022-08-26 17:03
35,2022-08-26 17:03
36,2022-08-26 17:03
36,2022-08-26 17:03
36,2022-08-26 17:03
36,2022-08-26 17:03
36,2022-08-26 17:03
37,2022-08-26 17:03
37,2022-08-26 17:03
37,2022-08-26 17:03
38,2022-08-26 17:03
39,2022-08-26 17:03
40,2022-08-26 17:03
41,2022-08-26 17:03
42,2022-08-26 17:03
44,2022-08-26 17:03
44,2022-08-26 17:03
46,2022-08-26 17:03
48,2022-08-26 17:03
48,2022-08-26 17:03
49,2022-08-26 17:03
50,2022-08-26 17:03
52,2022-08-26 17:03
54,2022-08-26 17:03
55,2022-08-26 17:03
56,2022-08-26 17:03
58,2022-08-26 17:03
59,2022-08-26 17:03
61,2022-08-26 17:03
61,2022-08-26 17:03
62,2022-08-26 17:03
64,2022-08-26 17:03
65,2022-08-26 17:03
66,2022-08-26 17:03
68,2022-08-26 17:03
70,2022-08-26 17:03
71,2022-08-26 17:03
73,2022-08-26 17:03
74,2022-08-26 17:03
75,2022-08-26 17:03
77,2022-08-26 17:03
78,2022-08-26 17:03
80,2022-08-26 17:03
81,2022-08-26 17:03
82,2022-08-26 17:03
84,2022-08-26 17:03
85,2022-08-26 17:03
86,2022-08-26 17:03
88,2022-08-26 17:03
89,2022-08-26 17:03
91,2022-08-26 17:03
92,2022-08-26 17:03
93,2022-08-26 17:03
95,2022-08-26 17:03
97,2022-08-26 17:03
98,2022-08-26 17:03
99,2022-08-26 17:03
101,2022-08-26 17:03
102,2022-08-26 17:03
104,2022-08-26 17:03
105,2022-08-26 17:03
107,2022-08-26 17:03
107,2022-08-26 17:03
109,2022-08-26 17:03
110,2022-08-26 17:03
111,2022-08-26 17:03
113,2022-08-26 17:03
114,2022-08-26 17:03
115,2022-08-26 17:03
117,2022-08-26 17:03
118,2022-08-26 17:03
119,2022-08-26 17:03
121,2022-08-26 17:03
122,2022-08-26 17:03
122,2022-08-26 17:03
125,2022-08-26 17:03
126,2022-08-26 17:03
127,2022-08-26 17:03
128,2022-08-26 17:03
129,2022-08-26 17:03
130,2022-08-26 17:03
132,2022-08-26 17:03
133,2022-08-26 17:03
134,2022-08-26 17:03
135,2022-08-26 17:03
136,2022-08-26 17:03
139,2022-08-26 17:03
138,2022-08-26 17:03
139,2022-08-26 17:03
138,2022-08-26 17:03
139,2022-08-26 17:03
139,2022-08-26 17:03
139,2022-08-26 17:03
138,2022-08-26 17:03
138,2022-08-26 17:03
137,2022-08-26 17:03
137,2022-08-26 17:03
136,2022-08-26 17:03
134,2022-08-26 17:03
132,2022-08-26 17:03
131,2022-08-26 17:03
130,2022-08-26 17:03
128,2022-08-26 17:03
126,2022-08-26 17:03
126,2022-08-26 17:03
124,2022-08-26 17:03
123,2022-08-26 17:03
121,2022-08-26 17:03
120,2022-08-26 17:03
119,2022-08-26 17:03
118,2022-08-26 17:03
116,2022-08-26 17:03
114,2022-08-26 17:03
113,2022-08-26 17:03
112,2022-08-26 17:03
109,2022-08-26 17:03
107,2022-08-26 17:03
107,2022-08-26 17:03
107,2022-08-26 17:03
105,2022-08-26 17:03
103,2022-08-26 17:03
102,2022-08-26 17:03
100,2022-08-26 17:03
99,2022-08-26 17:03
99,2022-08-26 17:03
98,2022-08-26 17:03
97,2022-08-26 17:03
94,2022-08-26 17:03
93,2022-08-26 17:03
92,2022-08-26 17:03
91,2022-08-26 17:03
89,2022-08-26 17:03
87,2022-08-26 17:03
85,2022-08-26 17:03
84,2022-08-26 17:04
83,2022-08-26 17:04
81,2022-08-26 17:04
80,2022-08-26 17:04
78,2022-08-26 17:04
77,2022-08-26 17:04
76,2022-08-26 17:04
74,2022-08-26 17:04
72,2022-08-26 17:04
71,2022-08-26 17:04
70,2022-08-26 17:04
68,2022-08-26 17:04
67,2022-08-26 17:04
66,2022-08-26 17:04
65,2022-08-26 17:04
62,2022-08-26 17:04
61,2022-08-26 17:04
60,2022-08-26 17:04
59,2022-08-26 17:04
58,2022-08-26 17:04
57,2022-08-26 17:04
55,2022-08-26 17:04
53,2022-08-26 17:04
51,2022-08-26 17:04
50,2022-08-26 17:04
50,2022-08-26 17:04
48,2022-08-26 17:04
47,2022-08-26 17:04
47,2022-08-26 17:04
45,2022-08-26 17:04
44,2022-08-26 17:04
44,2022-08-26 17:04
42,2022-08-26 17:04
41,2022-08-26 17:04
40,2022-08-26 17:04
39,2022-08-26 17:04
39,2022-08-26 17:04
39,2022-08-26 17:04
38,2022-08-26 17:04
38,2022-08-26 17:04
37,2022-08-26 17:04
37,2022-08-26 17:04
36,2022-08-26 17:04
36,2022-08-26 17:04
36,2022-08-26 17:04
36,2022-08-26 17:04
37,2022-08-26 17:04
37,2022-08-26 17:04
37,2022-08-26 17:04
37,2022-08-26 17:04
36,2022-08-26 17:04
36,2022-08-26 17:04
37,2022-08-26 17:04
37,2022-08-26 17:04
37,2022-08-26 17:04
38,2022-08-26 17:04
39,2022-08-26 17:04
40,2022-08-26 17:04
41,2022-08-26 17:04
42,2022-08-26 17:04
43,2022-08-26 17:04
43,2022-08-26 17:04
45,2022-08-26 17:04
47,2022-08-26 17:04
47,2022-08-26 17:04
49,2022-08-26 17:04
50,2022-08-26 17:04
51,2022-08-26 17:04
52,2022-08-26 17:04
54,2022-08-26 17:04
57,2022-08-26 17:04
58,2022-08-26 17:04
58,2022-08-26 17:04
61,2022-08-26 17:04
62,2022-08-26 17:04
62,2022-08-26 17:04
63,2022-08-26 17:04
65,2022-08-26 17:04
66,2022-08-26 17:04
67,2022-08-26 17:04
68,2022-08-26 17:04
70,2022-08-26 17:04
72,2022-08-26 17:04
73,2022-08-26 17:04
75,2022-08-26 17:04
76,2022-08-26 17:04
77,2022-08-26 17:04
79,2022-08-26 17:04
80,2022-08-26 17:04
82,2022-08-26 17:04
83,2022-08-26 17:04
84,2022-08-26 17:04
86,2022-08-26 17:04
87,2022-08-26 17:04
88,2022-08-26 17:04
90,2022-08-26 17:04
92,2022-08-26 17:04
92,2022-08-26 17:04
93,2022-08-26 17:04
96,2022-08-26 17:04
97,2022-08-26 17:04
98,2022-08-26 17:04
100,2022-08-26 17:04
102,2022-08-26 17:04
103,2022-08-26 17:04
103,2022-08-26 17:04
106,2022-08-26 17:04
107,2022-08-26 17:04
108,2022-08-26 17:04
108,2022-08-26 17:04
109,2022-08-26 17:04
110,2022-08-26 17:04
110,2022-08-26 17:04
111,2022-08-26 17:04
113,2022-08-26 17:04
113,2022-08-26 17:04
114,2022-08-26 17:04
115,2022-08-26 17:04
115,2022-08-26 17:04
117,2022-08-26 17:04
118,2022-08-26 17:04
119,2022-08-26 17:04
121,2022-08-26 17:04
122,2022-08-26 17:04
123,2022-08-26 17:04
125,2022-08-26 17:04
126,2022-08-26 17:04
127,2022-08-26 17:04
128,2022-08-26 17:04
130,2022-08-26 17:04
131,2022-08-26 17:04
132,2022-08-26 17:04
132,2022-08-26 17:04
135,2022-08-26 17:04
135,2022-08-26 17:04
134,2022-08-26 17:04
135,2022-08-26 17:04
135,2022-08-26 17:04
135,2022-08-26 17:04
134,2022-08-26 17:04
134,2022-08-26 17:04
133,2022-08-26 17:04
131,2022-08-26 17:04
130,2022-08-26 17:04
129,2022-08-26 17:04
127,2022-08-26 17:04
126,2022-08-26 17:04
125,2022-08-26 17:04
124,2022-08-26 17:04
122,2022-08-26 17:04
120,2022-08-26 17:04
119,2022-08-26 17:04
117,2022-08-26 17:04
115,2022-08-26 17:04
113,2022-08-26 17:04
113,2022-08-26 17:04
111,2022-08-26 17:04
109,2022-08-26 17:04
107,2022-08-26 17:04
107,2022-08-26 17:04
107,2022-08-26 17:04
104,2022-08-26 17:04
102,2022-08-26 17:04
100,2022-08-26 17:04
100,2022-08-26 17:04
99,2022-08-26 17:04
96,2022-08-26 17:04
95,2022-08-26 17:04
93,2022-08-26 17:04
91,2022-08-26 17:04
90,2022-08-26 17:04
89,2022-08-26 17:04
88,2022-08-26 17:04
86,2022-08-26 17:04
84,2022-08-26 17:04
84,2022-08-26 17:04
82,2022-08-26 17:04
80,2022-08-26 17:04
79,2022-08-26 17:04
77,2022-08-26 17:04
76,2022-08-26 17:04
75,2022-08-26 17:04
73,2022-08-26 17:04
71,2022-08-26 17:04
70,2022-08-26 17:04
69,2022-08-26 17:04
67,2022-08-26 17:04
66,2022-08-26 17:04
65,2022-08-26 17:04
64,2022-08-26 17:04
62,2022-08-26 17:04
61,2022-08-26 17:04
60,2022-08-26 17:04
59,2022-08-26 17:04
58,2022-08-26 17:04
57,2022-08-26 17:04
55,2022-08-26 17:04
54,2022-08-26 17:04
52,2022-08-26 17:04
50,2022-08-26 17:04
51,2022-08-26 17:04
49,2022-08-26 17:04
48,2022-08-26 17:04
47,2022-08-26 17:04
46,2022-08-26 17:04
45,2022-08-26 17:04
44,2022-08-26 17:04
42,2022-08-26 17:04
42,2022-08-26 17:04
40,2022-08-26 17:04
40,2022-08-26 17:04
39,2022-08-26 17:04
39,2022-08-26 17:04
39,2022-08-26 17:04
39,2022-08-26 17:04
38,2022-08-26 17:04
38,2022-08-26 17:04
37,2022-08-26 17:04
36,2022-08-26 17:04
36,2022-08-26 17:04
35,2022-08-26 17:04
36,2022-08-26 17:04
36,2022-08-26 17:04
35,2022-08-26 17:04
36,2022-08-26 17:04
36,2022-08-26 17:04
36,2022-08-26 17:04
35,2022-08-26 17:04
35,2022-08-26 17:04
35,2022-08-26 17:04
36,2022-08-26 17:04
36,2022-08-26 17:04
36,2022-08-26 17:04
37,2022-08-26 17:04
36,2022-08-26 17:04
37,2022-08-26 17:04
38,2022-08-26 17:04
39,2022-08-26 17:04
40,2022-08-26 17:04
41,2022-08-26 17:04
42,2022-08-26 17:04
43,2022-08-26 17:04
44,2022-08-26 17:04
45,2022-08-26 17:04
46,2022-08-26 17:04
47,2022-08-26 17:04
48,2022-08-26 17:04
50,2022-08-26 17:04
52,2022-08-26 17:04
52,2022-08-26 17:04
54,2022-08-26 17:04
55,2022-08-26 17:04
57,2022-08-26 17:04
58,2022-08-26 17:04
60,2022-08-26 17:04
61,2022-08-26 17:04
62,2022-08-26 17:04
63,2022-08-26 17:04
65,2022-08-26 17:04
66,2022-08-26 17:04
67,2022-08-26 17:04
69,2022-08-26 17:04
70,2022-08-26 17:04
72,2022-08-26 17:04
73,2022-08-26 17:04
74,2022-08-26 17:04
75,2022-08-26 17:04
77,2022-08-26 17:04
78,2022-08-26 17:05
79,2022-08-26 17:05
80,2022-08-26 17:05
82,2022-08-26 17:05
83,2022-08-26 17:05
85,2022-08-26 17:05
86,2022-08-26 17:05
87,2022-08-26 17:05
89,2022-08-26 17:05
91,2022-08-26 17:05
91,2022-08-26 17:05
93,2022-08-26 17:05
95,2022-08-26 17:05
97,2022-08-26 17:05
99,2022-08-26 17:05
100,2022-08-26 17:05
101,2022-08-26 17:05
102,2022-08-26 17:05
104,2022-08-26 17:05
105,2022-08-26 17:05
107,2022-08-26 17:05
108,2022-08-26 17:05
109,2022-08-26 17:05
110,2022-08-26 17:05
111,2022-08-26 17:05
113,2022-08-26 17:05
114,2022-08-26 17:05
116,2022-08-26 17:05
117,2022-08-26 17:05
118,2022-08-26 17:05
119,2022-08-26 17:05
121,2022-08-26 17:05
122,2022-08-26 17:05
123,2022-08-26 17:05
124,2022-08-26 17:05
125,2022-08-26 17:05
127,2022-08-26 17:05
128,2022-08-26 17:05
129,2022-08-26 17:05
130,2022-08-26 17:05
131,2022-08-26 17:05
133,2022-08-26 17:05
134,2022-08-26 17:05
135,2022-08-26 17:05
135,2022-08-26 17:05
137,2022-08-26 17:05
136,2022-08-26 17:05
137,2022-08-26 17:05
136,2022-08-26 17:05
137,2022-08-26 17:05
136,2022-08-26 17:05
136,2022-08-26 17:05
137,2022-08-26 17:05
135,2022-08-26 17:05
134,2022-08-26 17:05
133,2022-08-26 17:05
131,2022-08-26 17:05
130,2022-08-26 17:05
129,2022-08-26 17:05
127,2022-08-26 17:05
126,2022-08-26 17:05
124,2022-08-26 17:05
123,2022-08-26 17:05
121,2022-08-26 17:05
120,2022-08-26 17:05
118,2022-08-26 17:05
116,2022-08-26 17:05
114,2022-08-26 17:05
114,2022-08-26 17:05
113,2022-08-26 17:05
111,2022-08-26 17:05
108,2022-08-26 17:05
107,2022-08-26 17:05
106,2022-08-26 17:05
105,2022-08-26 17:05
104,2022-08-26 17:05
102,2022-08-26 17:05
100,2022-08-26 17:05
99,2022-08-26 17:05
97,2022-08-26 17:05
96,2022-08-26 17:05
93,2022-08-26 17:05
92,2022-08-26 17:05
91,2022-08-26 17:05
90,2022-08-26 17:05
88,2022-08-26 17:05
87,2022-08-26 17:05
85,2022-08-26 17:05
84,2022-08-26 17:05
83,2022-08-26 17:05
81,2022-08-26 17:05
79,2022-08-26 17:05
78,2022-08-26 17:05
77,2022-08-26 17:05
76,2022-08-26 17:05
75,2022-08-26 17:05
73,2022-08-26 17:05
71,2022-08-26 17:05
70,2022-08-26 17:05
68,2022-08-26 17:05
67,2022-08-26 17:05
66,2022-08-26 17:05
65,2022-08-26 17:05
63,2022-08-26 17:05
63,2022-08-26 17:05
62,2022-08-26 17:05
60,2022-08-26 17:05
60,2022-08-26 17:05
58,2022-08-26 17:05
58,2022-08-26 17:05
55,2022-08-26 17:05
54,2022-08-26 17:05
52,2022-08-26 17:05
51,2022-08-26 17:05
50,2022-08-26 17:05
49,2022-08-26 17:05
48,2022-08-26 17:05
48,2022-08-26 17:05
45,2022-08-26 17:05
45,2022-08-26 17:05
44,2022-08-26 17:05
43,2022-08-26 17:05
42,2022-08-26 17:05
42,2022-08-26 17:05
40,2022-08-26 17:05
40,2022-08-26 17:05
40,2022-08-26 17:05
39,2022-08-26 17:05
40,2022-08-26 17:05
39,2022-08-26 17:05
38,2022-08-26 17:05
37,2022-08-26 17:05
37,2022-08-26 17:05
37,2022-08-26 17:05
36,2022-08-26 17:05
36,2022-08-26 17:05
36,2022-08-26 17:05
36,2022-08-26 17:05
36,2022-08-26 17:05
37,2022-08-26 17:05
36,2022-08-26 17:05
36,2022-08-26 17:05
36,2022-08-26 17:05
36,2022-08-26 17:05
36,2022-08-26 17:05
37,2022-08-26 17:05
37,2022-08-26 17:05
38,2022-08-26 17:05
39,2022-08-26 17:05
40,2022-08-26 17:05
41,2022-08-26 17:05
43,2022-08-26 17:05
43,2022-08-26 17:05
45,2022-08-26 17:05
46,2022-08-26 17:05
47,2022-08-26 17:05
48,2022-08-26 17:05
50,2022-08-26 17:05
50,2022-08-26 17:05
51,2022-08-26 17:05
53,2022-08-26 17:05
54,2022-08-26 17:05
57,2022-08-26 17:05
58,2022-08-26 17:05
59,2022-08-26 17:05
61,2022-08-26 17:05
62,2022-08-26 17:05
63,2022-08-26 17:05
64,2022-08-26 17:05
65,2022-08-26 17:05
67,2022-08-26 17:05
68,2022-08-26 17:05
69,2022-08-26 17:05
72,2022-08-26 17:05
72,2022-08-26 17:05
74,2022-08-26 17:05
76,2022-08-26 17:05
77,2022-08-26 17:05
78,2022-08-26 17:05
79,2022-08-26 17:05
80,2022-08-26 17:05
82,2022-08-26 17:05
83,2022-08-26 17:05
85,2022-08-26 17:05
85,2022-08-26 17:05
87,2022-08-26 17:05
89,2022-08-26 17:05
91,2022-08-26 17:05
92,2022-08-26 17:05
93,2022-08-26 17:05
95,2022-08-26 17:05
97,2022-08-26 17:05
98,2022-08-26 17:05
99,2022-08-26 17:05
101,2022-08-26 17:05
102,2022-08-26 17:05
103,2022-08-26 17:05
105,2022-08-26 17:05
106,2022-08-26 17:05
107,2022-08-26 17:05
108,2022-08-26 17:05
110,2022-08-26 17:05
110,2022-08-26 17:05
113,2022-08-26 17:05
114,2022-08-26 17:05
115,2022-08-26 17:05
117,2022-08-26 17:05
118,2022-08-26 17:05
119,2022-08-26 17:05
121,2022-08-26 17:05
122,2022-08-26 17:05
123,2022-08-26 17:05
124,2022-08-26 17:05
125,2022-08-26 17:05
127,2022-08-26 17:05
128,2022-08-26 17:05
129,2022-08-26 17:05
130,2022-08-26 17:05
131,2022-08-26 17:05
132,2022-08-26 17:05
133,2022-08-26 17:05
134,2022-08-26 17:05
135,2022-08-26 17:05
137,2022-08-26 17:05
138,2022-08-26 17:05
140,2022-08-26 17:05
140,2022-08-26 17:05
140,2022-08-26 17:05
140,2022-08-26 17:05
140,2022-08-26 17:05
140,2022-08-26 17:05
140,2022-08-26 17:05
139,2022-08-26 17:05
138,2022-08-26 17:05
138,2022-08-26 17:05
137,2022-08-26 17:05
136,2022-08-26 17:05
134,2022-08-26 17:05
132,2022-08-26 17:05
131,2022-08-26 17:05
130,2022-08-26 17:05
128,2022-08-26 17:05
126,2022-08-26 17:05
125,2022-08-26 17:05
125,2022-08-26 17:05
122,2022-08-26 17:05
121,2022-08-26 17:05
119,2022-08-26 17:05
119,2022-08-26 17:05
117,2022-08-26 17:05
116,2022-08-26 17:05
114,2022-08-26 17:05
113,2022-08-26 17:05
111,2022-08-26 17:05
110,2022-08-26 17:05
109,2022-08-26 17:05
108,2022-08-26 17:05
106,2022-08-26 17:05
105,2022-08-26 17:05
104,2022-08-26 17:05
102,2022-08-26 17:05
100,2022-08-26 17:05
100,2022-08-26 17:05
98,2022-08-26 17:05
97,2022-08-26 17:05
95,2022-08-26 17:05
93,2022-08-26 17:05
92,2022-08-26 17:05
91,2022-08-26 17:05
88,2022-08-26 17:06
87,2022-08-26 17:06
86,2022-08-26 17:06
84,2022-08-26 17:06
83,2022-08-26 17:06
82,2022-08-26 17:06
79,2022-08-26 17:06
78,2022-08-26 17:06
76,2022-08-26 17:06
76,2022-08-26 17:06
74,2022-08-26 17:06
72,2022-08-26 17:06
71,2022-08-26 17:06
70,2022-08-26 17:06
68,2022-08-26 17:06
66,2022-08-26 17:06
65,2022-08-26 17:06
64,2022-08-26 17:06
62,2022-08-26 17:06
61,2022-08-26 17:06
60,2022-08-26 17:06
59,2022-08-26 17:06
57,2022-08-26 17:06
56,2022-08-26 17:06
54,2022-08-26 17:06
52,2022-08-26 17:06
52,2022-08-26 17:06
50,2022-08-26 17:06
49,2022-08-26 17:06
48,2022-08-26 17:06
46,2022-08-26 17:06
46,2022-08-26 17:06
45,2022-08-26 17:06
44,2022-08-26 17:06
43,2022-08-26 17:06
42,2022-08-26 17:06
41,2022-08-26 17:06
40,2022-08-26 17:06
41,2022-08-26 17:06
40,2022-08-26 17:06
39,2022-08-26 17:06
39,2022-08-26 17:06
38,2022-08-26 17:06
39,2022-08-26 17:06
37,2022-08-26 17:06
38,2022-08-26 17:06
37,2022-08-26 17:06
36,2022-08-26 17:06
36,2022-08-26 17:06
36,2022-08-26 17:06
36,2022-08-26 17:06
36,2022-08-26 17:06
36,2022-08-26 17:06
37,2022-08-26 17:06
36,2022-08-26 17:06
37,2022-08-26 17:06
37,2022-08-26 17:06
37,2022-08-26 17:06
38,2022-08-26 17:06
39,2022-08-26 17:06
40,2022-08-26 17:06
41,2022-08-26 17:06
43,2022-08-26 17:06
44,2022-08-26 17:06
44,2022-08-26 17:06
46,2022-08-26 17:06
47,2022-08-26 17:06
48,2022-08-26 17:06
49,2022-08-26 17:06
51,2022-08-26 17:06
51,2022-08-26 17:06
53,2022-08-26 17:06
55,2022-08-26 17:06
57,2022-08-26 17:06
59,2022-08-26 17:06
59,2022-08-26 17:06
61,2022-08-26 17:06
61,2022-08-26 17:06
63,2022-08-26 17:06
63,2022-08-26 17:06
65,2022-08-26 17:06
67,2022-08-26 17:06
67,2022-08-26 17:06
70,2022-08-26 17:06
71,2022-08-26 17:06
72,2022-08-26 17:06
74,2022-08-26 17:06
75,2022-08-26 17:06
77,2022-08-26 17:06
78,2022-08-26 17:06
79,2022-08-26 17:06
81,2022-08-26 17:06
83,2022-08-26 17:06
83,2022-08-26 17:06
85,2022-08-26 17:06
86,2022-08-26 17:06
87,2022-08-26 17:06
89,2022-08-26 17:06
90,2022-08-26 17:06
92,2022-08-26 17:06
93,2022-08-26 17:06
94,2022-08-26 17:06
97,2022-08-26 17:06
99,2022-08-26 17:06
99,2022-08-26 17:06
101,2022-08-26 17:06
103,2022-08-26 17:06
104,2022-08-26 17:06
105,2022-08-26 17:06
106,2022-08-26 17:06
108,2022-08-26 17:06
109,2022-08-26 17:06
110,2022-08-26 17:06
111,2022-08-26 17:06
112,2022-08-26 17:06
114,2022-08-26 17:06
116,2022-08-26 17:06
117,2022-08-26 17:06
119,2022-08-26 17:06
119,2022-08-26 17:06
121,2022-08-26 17:06
122,2022-08-26 17:06
123,2022-08-26 17:06
124,2022-08-26 17:06
126,2022-08-26 17:06
127,2022-08-26 17:06
128,2022-08-26 17:06
129,2022-08-26 17:06
130,2022-08-26 17:06
131,2022-08-26 17:06
132,2022-08-26 17:06
134,2022-08-26 17:06
134,2022-08-26 17:06
135,2022-08-26 17:06
135,2022-08-26 17:06
135,2022-08-26 17:06
135,2022-08-26 17:06
135,2022-08-26 17:06
134,2022-08-26 17:06
135,2022-08-26 17:06
135,2022-08-26 17:06
135,2022-08-26 17:06
135,2022-08-26 17:06
134,2022-08-26 17:06
133,2022-08-26 17:06
133,2022-08-26 17:06
131,2022-08-26 17:06
130,2022-08-26 17:06
128,2022-08-26 17:06
127,2022-08-26 17:06
126,2022-08-26 17:06
124,2022-08-26 17:06
123,2022-08-26 17:06
121,2022-08-26 17:06
120,2022-08-26 17:06
118,2022-08-26 17:06
117,2022-08-26 17:06
114,2022-08-26 17:06
113,2022-08-26 17:06
113,2022-08-26 17:06
110,2022-08-26 17:06
108,2022-08-26 17:06
108,2022-08-26 17:06
107,2022-08-26 17:06
105,2022-08-26 17:06
104,2022-08-26 17:06
101,2022-08-26 17:06
100,2022-08-26 17:06
100,2022-08-26 17:06
99,2022-08-26 17:06
96,2022-08-26 17:06
94,2022-08-26 17:06
92,2022-08-26 17:06
91,2022-08-26 17:06
90,2022-08-26 17:06
88,2022-08-26 17:06
87,2022-08-26 17:06
85,2022-08-26 17:06
84,2022-08-26 17:06
82,2022-08-26 17:06
81,2022-08-26 17:06
80,2022-08-26 17:06
78,2022-08-26 17:06
77,2022-08-26 17:06
75,2022-08-26 17:06
74,2022-08-26 17:06
72,2022-08-26 17:06
71,2022-08-26 17:06
69,2022-08-26 17:06
68,2022-08-26 17:06
66,2022-08-26 17:06
65,2022-08-26 17:06
63,2022-08-26 17:06
62,2022-08-26 17:06
61,2022-08-26 17:06
60,2022-08-26 17:06
59,2022-08-26 17:06
58,2022-08-26 17:06
56,2022-08-26 17:06
54,2022-08-26 17:06
53,2022-08-26 17:06
51,2022-08-26 17:06
50,2022-08-26 17:06
50,2022-08-26 17:06
49,2022-08-26 17:06
48,2022-08-26 17:06
46,2022-08-26 17:06
46,2022-08-26 17:06
45,2022-08-26 17:06
45,2022-08-26 17:06
44,2022-08-26 17:06
42,2022-08-26 17:06
42,2022-08-26 17:06
41,2022-08-26 17:06
41,2022-08-26 17:06
40,2022-08-26 17:06
40,2022-08-26 17:06
40,2022-08-26 17:06
40,2022-08-26 17:06
39,2022-08-26 17:06
38,2022-08-26 17:06
37,2022-08-26 17:06
37,2022-08-26 17:06
37,2022-08-26 17:06
37,2022-08-26 17:06
37,2022-08-26 17:06
37,2022-08-26 17:06
37,2022-08-26 17:06
37,2022-08-26 17:06
36,2022-08-26 17:06
37,2022-08-26 17:06
37,2022-08-26 17:06
37,2022-08-26 17:06
37,2022-08-26 17:06
37,2022-08-26 17:06
37,2022-08-26 17:06
38,2022-08-26 17:06
38,2022-08-26 17:06
38,2022-08-26 17:06
40,2022-08-26 17:06
41,2022-08-26 17:06
42,2022-08-26 17:06
43,2022-08-26 17:06
44,2022-08-26 17:06
45,2022-08-26 17:06
46,2022-08-26 17:06
48,2022-08-26 17:06
49,2022-08-26 17:06
50,2022-08-26 17:06
51,2022-08-26 17:06
52,2022-08-26 17:06
53,2022-08-26 17:06
55,2022-08-26 17:06
58,2022-08-26 17:06
58,2022-08-26 17:06
59,2022-08-26 17:06
61,2022-08-26 17:06
62,2022-08-26 17:06
63,2022-08-26 17:06
63,2022-08-26 17:06
65,2022-08-26 17:06
66,2022-08-26 17:06
68,2022-08-26 17:06
69,2022-08-26 17:06
71,2022-08-26 17:06
72,2022-08-26 17:06
73,2022-08-26 17:06
75,2022-08-26 17:06
76,2022-08-26 17:06
78,2022-08-26 17:07
79,2022-08-26 17:07
80,2022-08-26 17:07
83,2022-08-26 17:07
83,2022-08-26 17:07
84,2022-08-26 17:07
86,2022-08-26 17:07
87,2022-08-26 17:07
87,2022-08-26 17:07
89,2022-08-26 17:07
90,2022-08-26 17:07
92,2022-08-26 17:07
93,2022-08-26 17:07
94,2022-08-26 17:07
96,2022-08-26 17:07
98,2022-08-26 17:07
99,2022-08-26 17:07
101,2022-08-26 17:07
102,2022-08-26 17:07
104,2022-08-26 17:07
105,2022-08-26 17:07
107,2022-08-26 17:07
107,2022-08-26 17:07
109,2022-08-26 17:07
110,2022-08-26 17:07
110,2022-08-26 17:07
112,2022-08-26 17:07
113,2022-08-26 17:07
115,2022-08-26 17:07
115,2022-08-26 17:07
116,2022-08-26 17:07
118,2022-08-26 17:07
119,2022-08-26 17:07
121,2022-08-26 17:07
121,2022-08-26 17:07
123,2022-08-26 17:07
125,2022-08-26 17:07
125,2022-08-26 17:07
126,2022-08-26 17:07
128,2022-08-26 17:07
128,2022-08-26 17:07
130,2022-08-26 17:07
130,2022-08-26 17:07
132,2022-08-26 17:07
132,2022-08-26 17:07
133,2022-08-26 17:07
134,2022-08-26 17:07
135,2022-08-26 17:07
137,2022-08-26 17:07
137,2022-08-26 17:07
136,2022-08-26 17:07
136,2022-08-26 17:07
137,2022-08-26 17:07
137,2022-08-26 17:07
136,2022-08-26 17:07
135,2022-08-26 17:07
134,2022-08-26 17:07
134,2022-08-26 17:07
132,2022-08-26 17:07
130,2022-08-26 17:07
129,2022-08-26 17:07
127,2022-08-26 17:07
126,2022-08-26 17:07
125,2022-08-26 17:07
123,2022-08-26 17:07
121,2022-08-26 17:07
120,2022-08-26 17:07
119,2022-08-26 17:07
117,2022-08-26 17:07
115,2022-08-26 17:07
114,2022-08-26 17:07
113,2022-08-26 17:07
111,2022-08-26 17:07
110,2022-08-26 17:07
108,2022-08-26 17:07
106,2022-08-26 17:07
106,2022-08-26 17:07
106,2022-08-26 17:07
103,2022-08-26 17:07
102,2022-08-26 17:07
99,2022-08-26 17:07
99,2022-08-26 17:07
98,2022-08-26 17:07
97,2022-08-26 17:07
94,2022-08-26 17:07
93,2022-08-26 17:07
92,2022-08-26 17:07
90,2022-08-26 17:07
89,2022-08-26 17:07
88,2022-08-26 17:07
87,2022-08-26 17:07
85,2022-08-26 17:07
84,2022-08-26 17:07
83,2022-08-26 17:07
81,2022-08-26 17:07
80,2022-08-26 17:07
78,2022-08-26 17:07
77,2022-08-26 17:07
75,2022-08-26 17:07
73,2022-08-26 17:07
72,2022-08-26 17:07
71,2022-08-26 17:07
68,2022-08-26 17:07
67,2022-08-26 17:07
66,2022-08-26 17:07
65,2022-08-26 17:07
64,2022-08-26 17:07
63,2022-08-26 17:07
61,2022-08-26 17:07
60,2022-08-26 17:07
59,2022-08-26 17:07
58,2022-08-26 17:07
56,2022-08-26 17:07
54,2022-08-26 17:07
53,2022-08-26 17:07
51,2022-08-26 17:07
50,2022-08-26 17:07
49,2022-08-26 17:07
48,2022-08-26 17:07
47,2022-08-26 17:07
46,2022-08-26 17:07
45,2022-08-26 17:07
44,2022-08-26 17:07
44,2022-08-26 17:07
43,2022-08-26 17:07
42,2022-08-26 17:07
41,2022-08-26 17:07
41,2022-08-26 17:07
41,2022-08-26 17:07
40,2022-08-26 17:07
40,2022-08-26 17:07
39,2022-08-26 17:07
39,2022-08-26 17:07
38,2022-08-26 17:07
38,2022-08-26 17:07
37,2022-08-26 17:07
38,2022-08-26 17:07
37,2022-08-26 17:07
37,2022-08-26 17:07
36,2022-08-26 17:07
37,2022-08-26 17:07
37,2022-08-26 17:07
37,2022-08-26 17:07
37,2022-08-26 17:07
37,2022-08-26 17:07
37,2022-08-26 17:07
37,2022-08-26 17:07
38,2022-08-26 17:07
38,2022-08-26 17:07
40,2022-08-26 17:07
40,2022-08-26 17:07
41,2022-08-26 17:07
42,2022-08-26 17:07
43,2022-08-26 17:07
45,2022-08-26 17:07
46,2022-08-26 17:07
47,2022-08-26 17:07
48,2022-08-26 17:07
50,2022-08-26 17:07
50,2022-08-26 17:07
52,2022-08-26 17:07
53,2022-08-26 17:07
54,2022-08-26 17:07
56,2022-08-26 17:07
58,2022-08-26 17:07
58,2022-08-26 17:07
60,2022-08-26 17:07
61,2022-08-26 17:07
62,2022-08-26 17:07
62,2022-08-26 17:07
63,2022-08-26 17:07
65,2022-08-26 17:07
66,2022-08-26 17:07
67,2022-08-26 17:07
70,2022-08-26 17:07
71,2022-08-26 17:07
72,2022-08-26 17:07
74,2022-08-26 17:07
75,2022-08-26 17:07
77,2022-08-26 17:07
78,2022-08-26 17:07
79,2022-08-26 17:07
81,2022-08-26 17:07
83,2022-08-26 17:07
84,2022-08-26 17:07
85,2022-08-26 17:07
86,2022-08-26 17:07
87,2022-08-26 17:07
89,2022-08-26 17:07
90,2022-08-26 17:07
91,2022-08-26 17:07
93,2022-08-26 17:07
94,2022-08-26 17:07
96,2022-08-26 17:07
97,2022-08-26 17:07
99,2022-08-26 17:07
101,2022-08-26 17:07
102,2022-08-26 17:07
103,2022-08-26 17:07
104,2022-08-26 17:07
106,2022-08-26 17:07
107,2022-08-26 17:07
108,2022-08-26 17:07
108,2022-08-26 17:07
110,2022-08-26 17:07
111,2022-08-26 17:07
112,2022-08-26 17:07
114,2022-08-26 17:07
115,2022-08-26 17:07
117,2022-08-26 17:07
118,2022-08-26 17:07
119,2022-08-26 17:07
121,2022-08-26 17:07
122,2022-08-26 17:07
123,2022-08-26 17:07
124,2022-08-26 17:07
124,2022-08-26 17:07
127,2022-08-26 17:07
128,2022-08-26 17:07
128,2022-08-26 17:07
129,2022-08-26 17:07
131,2022-08-26 17:07
132,2022-08-26 17:07
133,2022-08-26 17:07
134,2022-08-26 17:07
135,2022-08-26 17:07
136,2022-08-26 17:07
137,2022-08-26 17:07
138,2022-08-26 17:07
138,2022-08-26 17:07
138,2022-08-26 17:07
138,2022-08-26 17:07
138,2022-08-26 17:07
138,2022-08-26 17:07
137,2022-08-26 17:07
138,2022-08-26 17:07
136,2022-08-26 17:07
135,2022-08-26 17:07
134,2022-08-26 17:07
132,2022-08-26 17:07
130,2022-08-26 17:07
130,2022-08-26 17:07
129,2022-08-26 17:07
126,2022-08-26 17:07
125,2022-08-26 17:07
124,2022-08-26 17:07
122,2022-08-26 17:07
121,2022-08-26 17:07
119,2022-08-26 17:07
119,2022-08-26 17:07
117,2022-08-26 17:07
115,2022-08-26 17:07
113,2022-08-26 17:07
112,2022-08-26 17:07
111,2022-08-26 17:07
109,2022-08-26 17:07
108,2022-08-26 17:07
107,2022-08-26 17:07
106,2022-08-26 17:07
105,2022-08-26 17:07
103,2022-08-26 17:07
101,2022-08-26 17:07
100,2022-08-26 17:07
99,2022-08-26 17:07
98,2022-08-26 17:07
96,2022-08-26 17:07
94,2022-08-26 17:07
92,2022-08-26 17:07
91,2022-08-26 17:08
90,2022-08-26 17:08
89,2022-08-26 17:08
87,2022-08-26 17:08
86,2022-08-26 17:08
84,2022-08-26 17:08
83,2022-08-26 17:08
81,2022-08-26 17:08
79,2022-08-26 17:08
78,2022-08-26 17:08
76,2022-08-26 17:08
75,2022-08-26 17:08
74,2022-08-26 17:08
71,2022-08-26 17:08
71,2022-08-26 17:08
70,2022-08-26 17:08
68,2022-08-26 17:08
66,2022-08-26 17:08
65,2022-08-26 17:08
64,2022-08-26 17:08
62,2022-08-26 17:08
61,2022-08-26 17:08
60,2022-08-26 17:08
60,2022-08-26 17:08
58,2022-08-26 17:08
56,2022-08-26 17:08
54,2022-08-26 17:08
53,2022-08-26 17:08
51,2022-08-26 17:08
51,2022-08-26 17:08
50,2022-08-26 17:08
48,2022-08-26 17:08
47,2022-08-26 17:08
46,2022-08-26 17:08
45,2022-08-26 17:08
44,2022-08-26 17:08
44,2022-08-26 17:08
43,2022-08-26 17:08
42,2022-08-26 17:08
42,2022-08-26 17:08
42,2022-08-26 17:08
41,2022-08-26 17:08
41,2022-08-26 17:08
40,2022-08-26 17:08
40,2022-08-26 17:08
39,2022-08-26 17:08
39,2022-08-26 17:08
37,2022-08-26 17:08
38,2022-08-26 17:08
37,2022-08-26 17:08
37,2022-08-26 17:08
37,2022-08-26 17:08
37,2022-08-26 17:08
37,2022-08-26 17:08
37,2022-08-26 17:08
37,2022-08-26 17:08
37,2022-08-26 17:08
38,2022-08-26 17:08
38,2022-08-26 17:08
38,2022-08-26 17:08
38,2022-08-26 17:08
38,2022-08-26 17:08
40,2022-08-26 17:08
41,2022-08-26 17:08
42,2022-08-26 17:08
43,2022-08-26 17:08
45,2022-08-26 17:08
45,2022-08-26 17:08
46,2022-08-26 17:08
48,2022-08-26 17:08
49,2022-08-26 17:08
50,2022-08-26 17:08
52,2022-08-26 17:08
52,2022-08-26 17:08
54,2022-08-26 17:08
56,2022-08-26 17:08
58,2022-08-26 17:08
59,2022-08-26 17:08
60,2022-08-26 17:08
62,2022-08-26 17:08
62,2022-08-26 17:08
63,2022-08-26 17:08
64,2022-08-26 17:08
65,2022-08-26 17:08
66,2022-08-26 17:08
68,2022-08-26 17:08
70,2022-08-26 17:08
72,2022-08-26 17:08
73,2022-08-26 17:08
74,2022-08-26 17:08
76,2022-08-26 17:08
77,2022-08-26 17:08
77,2022-08-26 17:08
79,2022-08-26 17:08
80,2022-08-26 17:08
82,2022-08-26 17:08
83,2022-08-26 17:08
84,2022-08-26 17:08
86,2022-08-26 17:08
87,2022-08-26 17:08
88,2022-08-26 17:08
90,2022-08-26 17:08
91,2022-08-26 17:08
92,2022-08-26 17:08
94,2022-08-26 17:08
95,2022-08-26 17:08
97,2022-08-26 17:08
100,2022-08-26 17:08
100,2022-08-26 17:08
101,2022-08-26 17:08
103,2022-08-26 17:08
104,2022-08-26 17:08
106,2022-08-26 17:08
107,2022-08-26 17:08
108,2022-08-26 17:08
108,2022-08-26 17:08
109,2022-08-26 17:08
112,2022-08-26 17:08
113,2022-08-26 17:08
114,2022-08-26 17:08
115,2022-08-26 17:08
116,2022-08-26 17:08
119,2022-08-26 17:08
120,2022-08-26 17:08
120,2022-08-26 17:08
121,2022-08-26 17:08
123,2022-08-26 17:08
125,2022-08-26 17:08
126,2022-08-26 17:08
126,2022-08-26 17:08
127,2022-08-26 17:08
129,2022-08-26 17:08
130,2022-08-26 17:08
131,2022-08-26 17:08
132,2022-08-26 17:08
133,2022-08-26 17:08
134,2022-08-26 17:08
134,2022-08-26 17:08
136,2022-08-26 17:08
138,2022-08-26 17:08
138,2022-08-26 17:08
138,2022-08-26 17:08
138,2022-08-26 17:08
137,2022-08-26 17:08
138,2022-08-26 17:08
138,2022-08-26 17:08
137,2022-08-26 17:08
138,2022-08-26 17:08
137,2022-08-26 17:08
136,2022-08-26 17:08
135,2022-08-26 17:08
133,2022-08-26 17:08
132,2022-08-26 17:08
130,2022-08-26 17:08
129,2022-08-26 17:08
127,2022-08-26 17:08
126,2022-08-26 17:08
125,2022-08-26 17:08
124,2022-08-26 17:08
122,2022-08-26 17:08
120,2022-08-26 17:08
119,2022-08-26 17:08
117,2022-08-26 17:08
116,2022-08-26 17:08
114,2022-08-26 17:08
112,2022-08-26 17:08
112,2022-08-26 17:08
110,2022-08-26 17:08
107,2022-08-26 17:08
106,2022-08-26 17:08
105,2022-08-26 17:08
105,2022-08-26 17:08
103,2022-08-26 17:08
102,2022-08-26 17:08
101,2022-08-26 17:08
99,2022-08-26 17:08
98,2022-08-26 17:08
98,2022-08-26 17:08
96,2022-08-26 17:08
94,2022-08-26 17:08
92,2022-08-26 17:08
91,2022-08-26 17:08
90,2022-08-26 17:08
88,2022-08-26 17:08
87,2022-08-26 17:08
85,2022-08-26 17:08
84,2022-08-26 17:08
84,2022-08-26 17:08
83,2022-08-26 17:08
80,2022-08-26 17:08
80,2022-08-26 17:08
78,2022-08-26 17:08
77,2022-08-26 17:08
76,2022-08-26 17:08
74,2022-08-26 17:08
71,2022-08-26 17:08
71,2022-08-26 17:08
69,2022-08-26 17:08
69,2022-08-26 17:08
68,2022-08-26 17:08
66,2022-08-26 17:08
65,2022-08-26 17:08
64,2022-08-26 17:08
62,2022-08-26 17:08
61,2022-08-26 17:08
60,2022-08-26 17:08
59,2022-08-26 17:08
58,2022-08-26 17:08
56,2022-08-26 17:08
54,2022-08-26 17:08
52,2022-08-26 17:08
51,2022-08-26 17:08
50,2022-08-26 17:08
49,2022-08-26 17:08
48,2022-08-26 17:08
46,2022-08-26 17:08
46,2022-08-26 17:08
45,2022-08-26 17:08
44,2022-08-26 17:08
43,2022-08-26 17:08
42,2022-08-26 17:08
42,2022-08-26 17:08
41,2022-08-26 17:08
41,2022-08-26 17:08
40,2022-08-26 17:08
40,2022-08-26 17:08
39,2022-08-26 17:08
39,2022-08-26 17:08
38,2022-08-26 17:08
38,2022-08-26 17:08
38,2022-08-26 17:08
38,2022-08-26 17:08
38,2022-08-26 17:08
38,2022-08-26 17:08
37,2022-08-26 17:08
37,2022-08-26 17:08
38,2022-08-26 17:08
38,2022-08-26 17:08
38,2022-08-26 17:08
38,2022-08-26 17:08
39,2022-08-26 17:08
39,2022-08-26 17:08
40,2022-08-26 17:08
42,2022-08-26 17:08
42,2022-08-26 17:08
43,2022-08-26 17:08
45,2022-08-26 17:08
47,2022-08-26 17:08
47,2022-08-26 17:08
48,2022-08-26 17:08
49,2022-08-26 17:08
51,2022-08-26 17:08
52,2022-08-26 17:08
52,2022-08-26 17:08
53,2022-08-26 17:08
56,2022-08-26 17:08
58,2022-08-26 17:08
59,2022-08-26 17:08
60,2022-08-26 17:08
62,2022-08-26 17:08
63,2022-08-26 17:08
63,2022-08-26 17:08
64,2022-08-26 17:08
65,2022-08-26 17:08
67,2022-08-26 17:08
68,2022-08-26 17:08
70,2022-08-26 17:08
72,2022-08-26 17:08
74,2022-08-26 17:08
75,2022-08-26 17:09
76,2022-08-26 17:09
77,2022-08-26 17:09
78,2022-08-26 17:09
79,2022-08-26 17:09
81,2022-08-26 17:09
82,2022-08-26 17:09
83,2022-08-26 17:09
85,2022-08-26 17:09
86,2022-08-26 17:09
87,2022-08-26 17:09
88,2022-08-26 17:09
90,2022-08-26 17:09
92,2022-08-26 17:09
93,2022-08-26 17:09
93,2022-08-26 17:09
95,2022-08-26 17:09
97,2022-08-26 17:09
99,2022-08-26 17:09
101,2022-08-26 17:09
102,2022-08-26 17:09
103,2022-08-26 17:09
104,2022-08-26 17:09
106,2022-08-26 17:09
108,2022-08-26 17:09
108,2022-08-26 17:09
109,2022-08-26 17:09
111,2022-08-26 17:09
113,2022-08-26 17:09
114,2022-08-26 17:09
113,2022-08-26 17:09
115,2022-08-26 17:09
118,2022-08-26 17:09
119,2022-08-26 17:09
120,2022-08-26 17:09
122,2022-08-26 17:09
122,2022-08-26 17:09
123,2022-08-26 17:09
124,2022-08-26 17:09
126,2022-08-26 17:09
127,2022-08-26 17:09
128,2022-08-26 17:09
129,2022-08-26 17:09
131,2022-08-26 17:09
131,2022-08-26 17:09
132,2022-08-26 17:09
134,2022-08-26 17:09
134,2022-08-26 17:09
134,2022-08-26 17:09
137,2022-08-26 17:09
138,2022-08-26 17:09
138,2022-08-26 17:09
139,2022-08-26 17:09
139,2022-08-26 17:09
139,2022-08-26 17:09
139,2022-08-26 17:09
139,2022-08-26 17:09
139,2022-08-26 17:09
138,2022-08-26 17:09
137,2022-08-26 17:09
135,2022-08-26 17:09
135,2022-08-26 17:09
134,2022-08-26 17:09
132,2022-08-26 17:09
131,2022-08-26 17:09
129,2022-08-26 17:09
128,2022-08-26 17:09
126,2022-08-26 17:09
125,2022-08-26 17:09
124,2022-08-26 17:09
122,2022-08-26 17:09
121,2022-08-26 17:09
121,2022-08-26 17:09
118,2022-08-26 17:09
116,2022-08-26 17:09
114,2022-08-26 17:09
113,2022-08-26 17:09
112,2022-08-26 17:09
110,2022-08-26 17:09
109,2022-08-26 17:09
107,2022-08-26 17:09
106,2022-08-26 17:09
105,2022-08-26 17:09
104,2022-08-26 17:09
101,2022-08-26 17:09
98,2022-08-26 17:09
98,2022-08-26 17:09
97,2022-08-26 17:09
96,2022-08-26 17:09
93,2022-08-26 17:09
91,2022-08-26 17:09
91,2022-08-26 17:09
89,2022-08-26 17:09
86,2022-08-26 17:09
85,2022-08-26 17:09
84,2022-08-26 17:09
83,2022-08-26 17:09
82,2022-08-26 17:09
80,2022-08-26 17:09
79,2022-08-26 17:09
78,2022-08-26 17:09
77,2022-08-26 17:09
75,2022-08-26 17:09
73,2022-08-26 17:09
71,2022-08-26 17:09
70,2022-08-26 17:09
68,2022-08-26 17:09
68,2022-08-26 17:09
67,2022-08-26 17:09
66,2022-08-26 17:09
64,2022-08-26 17:09
63,2022-08-26 17:09
62,2022-08-26 17:09
61,2022-08-26 17:09
60,2022-08-26 17:09
60,2022-08-26 17:09
60,2022-08-26 17:09
61,2022-08-26 17:09
59,2022-08-26 17:09
58,2022-08-26 17:09
56,2022-08-26 17:09
55,2022-08-26 17:09
53,2022-08-26 17:09
51,2022-08-26 17:09
50,2022-08-26 17:09
50,2022-08-26 17:09
48,2022-08-26 17:09
47,2022-08-26 17:09
46,2022-08-26 17:09
44,2022-08-26 17:09
43,2022-08-26 17:09
43,2022-08-26 17:09
42,2022-08-26 17:09
41,2022-08-26 17:09
41,2022-08-26 17:09
40,2022-08-26 17:09
40,2022-08-26 17:09
40,2022-08-26 17:09
39,2022-08-26 17:09
39,2022-08-26 17:09
39,2022-08-26 17:09
38,2022-08-26 17:09
38,2022-08-26 17:09
38,2022-08-26 17:09
38,2022-08-26 17:09
37,2022-08-26 17:09
38,2022-08-26 17:09
38,2022-08-26 17:09
38,2022-08-26 17:09
38,2022-08-26 17:09
38,2022-08-26 17:09
39,2022-08-26 17:09
39,2022-08-26 17:09
40,2022-08-26 17:09
42,2022-08-26 17:09
43,2022-08-26 17:09
44,2022-08-26 17:09
44,2022-08-26 17:09
46,2022-08-26 17:09
47,2022-08-26 17:09
48,2022-08-26 17:09
50,2022-08-26 17:09
50,2022-08-26 17:09
52,2022-08-26 17:09
52,2022-08-26 17:09
55,2022-08-26 17:09
56,2022-08-26 17:09
58,2022-08-26 17:09
59,2022-08-26 17:09
61,2022-08-26 17:09
63,2022-08-26 17:09
63,2022-08-26 17:09
63,2022-08-26 17:09
64,2022-08-26 17:09
66,2022-08-26 17:09
68,2022-08-26 17:09
69,2022-08-26 17:09
70,2022-08-26 17:09
71,2022-08-26 17:09
73,2022-08-26 17:09
75,2022-08-26 17:09
76,2022-08-26 17:09
77,2022-08-26 17:09
79,2022-08-26 17:09
80,2022-08-26 17:09
81,2022-08-26 17:09
82,2022-08-26 17:09
83,2022-08-26 17:09
85,2022-08-26 17:09
87,2022-08-26 17:09
88,2022-08-26 17:09
89,2022-08-26 17:09
90,2022-08-26 17:09
92,2022-08-26 17:09
92,2022-08-26 17:09
95,2022-08-26 17:09
96,2022-08-26 17:09
97,2022-08-26 17:09
99,2022-08-26 17:09
100,2022-08-26 17:09
102,2022-08-26 17:09
102,2022-08-26 17:09
104,2022-08-26 17:09
107,2022-08-26 17:09
107,2022-08-26 17:09
108,2022-08-26 17:09
109,2022-08-26 17:09
110,2022-08-26 17:09
113,2022-08-26 17:09
114,2022-08-26 17:09
113,2022-08-26 17:09
115,2022-08-26 17:09
116,2022-08-26 17:09
117,2022-08-26 17:09
118,2022-08-26 17:09
119,2022-08-26 17:09
121,2022-08-26 17:09
120,2022-08-26 17:09
121,2022-08-26 17:09
121,2022-08-26 17:09
122,2022-08-26 17:09
124,2022-08-26 17:09
125,2022-08-26 17:09
124,2022-08-26 17:09
125,2022-08-26 17:09
127,2022-08-26 17:09
128,2022-08-26 17:09
129,2022-08-26 17:09
131,2022-08-26 17:09
131,2022-08-26 17:09
132,2022-08-26 17:09
133,2022-08-26 17:09
134,2022-08-26 17:09
134,2022-08-26 17:09
134,2022-08-26 17:09
134,2022-08-26 17:09
134,2022-08-26 17:09
134,2022-08-26 17:09
133,2022-08-26 17:09
132,2022-08-26 17:09
131,2022-08-26 17:09
129,2022-08-26 17:09
129,2022-08-26 17:09
127,2022-08-26 17:09
125,2022-08-26 17:09
124,2022-08-26 17:09
122,2022-08-26 17:09
122,2022-08-26 17:09
121,2022-08-26 17:09
119,2022-08-26 17:09
117,2022-08-26 17:09
115,2022-08-26 17:09
114,2022-08-26 17:09
113,2022-08-26 17:09
111,2022-08-26 17:09
108,2022-08-26 17:09
107,2022-08-26 17:09
106,2022-08-26 17:09
105,2022-08-26 17:09
105,2022-08-26 17:09
104,2022-08-26 17:09
103,2022-08-26 17:09
102,2022-08-26 17:09
99,2022-08-26 17:09
98,2022-08-26 17:09
97,2022-08-26 17:09
95,2022-08-26 17:09
94,2022-08-26 17:09
93,2022-08-26 17:10
92,2022-08-26 17:10
90,2022-08-26 17:10
89,2022-08-26 17:10
88,2022-08-26 17:10
87,2022-08-26 17:10
85,2022-08-26 17:10
84,2022-08-26 17:10
83,2022-08-26 17:10
81,2022-08-26 17:10
80,2022-08-26 17:10
78,2022-08-26 17:10
78,2022-08-26 17:10
76,2022-08-26 17:10
73,2022-08-26 17:10
72,2022-08-26 17:10
71,2022-08-26 17:10
70,2022-08-26 17:10
69,2022-08-26 17:10
68,2022-08-26 17:10
66,2022-08-26 17:10
64,2022-08-26 17:10
62,2022-08-26 17:10
62,2022-08-26 17:10
61,2022-08-26 17:10
59,2022-08-26 17:10
58,2022-08-26 17:10
57,2022-08-26 17:10
55,2022-08-26 17:10
54,2022-08-26 17:10
52,2022-08-26 17:10
51,2022-08-26 17:10
50,2022-08-26 17:10
49,2022-08-26 17:10
48,2022-08-26 17:10
47,2022-08-26 17:10
46,2022-08-26 17:10
46,2022-08-26 17:10
45,2022-08-26 17:10
45,2022-08-26 17:10
44,2022-08-26 17:10
44,2022-08-26 17:10
43,2022-08-26 17:10
44,2022-08-26 17:10
43,2022-08-26 17:10
43,2022-08-26 17:10
42,2022-08-26 17:10
42,2022-08-26 17:10
42,2022-08-26 17:10
42,2022-08-26 17:10
42,2022-08-26 17:10
42,2022-08-26 17:10
42,2022-08-26 17:10
42,2022-08-26 17:10
42,2022-08-26 17:10
42,2022-08-26 17:10
42,2022-08-26 17:10
41,2022-08-26 17:10
42,2022-08-26 17:10
42,2022-08-26 17:10
42,2022-08-26 17:10
42,2022-08-26 17:10
42,2022-08-26 17:10
42,2022-08-26 17:10
43,2022-08-26 17:10
43,2022-08-26 17:10
45,2022-08-26 17:10
46,2022-08-26 17:10
48,2022-08-26 17:10
48,2022-08-26 17:10
49,2022-08-26 17:10
50,2022-08-26 17:10
52,2022-08-26 17:10
53,2022-08-26 17:10
54,2022-08-26 17:10
56,2022-08-26 17:10
58,2022-08-26 17:10
59,2022-08-26 17:10
59,2022-08-26 17:10
59,2022-08-26 17:10
59,2022-08-26 17:10
62,2022-08-26 17:10
65,2022-08-26 17:10
66,2022-08-26 17:10
65,2022-08-26 17:10
66,2022-08-26 17:10
68,2022-08-26 17:10
69,2022-08-26 17:10
70,2022-08-26 17:10
71,2022-08-26 17:10
72,2022-08-26 17:10
73,2022-08-26 17:10
75,2022-08-26 17:10
76,2022-08-26 17:10
77,2022-08-26 17:10
78,2022-08-26 17:10
80,2022-08-26 17:10
82,2022-08-26 17:10
83,2022-08-26 17:10
85,2022-08-26 17:10
86,2022-08-26 17:10
87,2022-08-26 17:10
88,2022-08-26 17:10
89,2022-08-26 17:10
90,2022-08-26 17:10
92,2022-08-26 17:10
93,2022-08-26 17:10
94,2022-08-26 17:10
96,2022-08-26 17:10
97,2022-08-26 17:10
99,2022-08-26 17:10
101,2022-08-26 17:10
102,2022-08-26 17:10
103,2022-08-26 17:10
105,2022-08-26 17:10
106,2022-08-26 17:10
108,2022-08-26 17:10
108,2022-08-26 17:10
109,2022-08-26 17:10
110,2022-08-26 17:10
111,2022-08-26 17:10
114,2022-08-26 17:10
114,2022-08-26 17:10
115,2022-08-26 17:10
117,2022-08-26 17:10
119,2022-08-26 17:10
119,2022-08-26 17:10
121,2022-08-26 17:10
122,2022-08-26 17:10
123,2022-08-26 17:10
124,2022-08-26 17:10
125,2022-08-26 17:10
126,2022-08-26 17:10
127,2022-08-26 17:10
128,2022-08-26 17:10
128,2022-08-26 17:10
130,2022-08-26 17:10
131,2022-08-26 17:10
133,2022-08-26 17:10
133,2022-08-26 17:10
133,2022-08-26 17:10
134,2022-08-26 17:10
136,2022-08-26 17:10
138,2022-08-26 17:10
138,2022-08-26 17:10
138,2022-08-26 17:10
138,2022-08-26 17:10
139,2022-08-26 17:10
138,2022-08-26 17:10
138,2022-08-26 17:10
137,2022-08-26 17:10
136,2022-08-26 17:10
136,2022-08-26 17:10
135,2022-08-26 17:10
132,2022-08-26 17:10
132,2022-08-26 17:10
130,2022-08-26 17:10
127,2022-08-26 17:10
127,2022-08-26 17:10
125,2022-08-26 17:10
124,2022-08-26 17:10
122,2022-08-26 17:10
120,2022-08-26 17:10
119,2022-08-26 17:10
118,2022-08-26 17:10
115,2022-08-26 17:10
114,2022-08-26 17:10
113,2022-08-26 17:10
111,2022-08-26 17:10
110,2022-08-26 17:10
108,2022-08-26 17:10
106,2022-08-26 17:10
105,2022-08-26 17:10
106,2022-08-26 17:10
105,2022-08-26 17:10
104,2022-08-26 17:10
101,2022-08-26 17:10
99,2022-08-26 17:10
99,2022-08-26 17:10
97,2022-08-26 17:10
95,2022-08-26 17:10
93,2022-08-26 17:10
92,2022-08-26 17:10
91,2022-08-26 17:10
89,2022-08-26 17:10
87,2022-08-26 17:10
86,2022-08-26 17:10
85,2022-08-26 17:10
83,2022-08-26 17:10
82,2022-08-26 17:10
80,2022-08-26 17:10
79,2022-08-26 17:10
77,2022-08-26 17:10
76,2022-08-26 17:10
75,2022-08-26 17:10
72,2022-08-26 17:10
71,2022-08-26 17:10
70,2022-08-26 17:10
67,2022-08-26 17:10
67,2022-08-26 17:10
66,2022-08-26 17:10
65,2022-08-26 17:10
63,2022-08-26 17:10
62,2022-08-26 17:10
61,2022-08-26 17:10
60,2022-08-26 17:10
59,2022-08-26 17:10
57,2022-08-26 17:10
56,2022-08-26 17:10
54,2022-08-26 17:10
53,2022-08-26 17:10
51,2022-08-26 17:10
50,2022-08-26 17:10
49,2022-08-26 17:10
49,2022-08-26 17:10
47,2022-08-26 17:10
46,2022-08-26 17:10
45,2022-08-26 17:10
44,2022-08-26 17:10
43,2022-08-26 17:10
42,2022-08-26 17:10
42,2022-08-26 17:10
41,2022-08-26 17:10
41,2022-08-26 17:10
41,2022-08-26 17:10
40,2022-08-26 17:10
39,2022-08-26 17:10
40,2022-08-26 17:10
39,2022-08-26 17:10
38,2022-08-26 17:10
38,2022-08-26 17:10
37,2022-08-26 17:10
37,2022-08-26 17:10
36,2022-08-26 17:10
37,2022-08-26 17:10
37,2022-08-26 17:10
37,2022-08-26 17:10
37,2022-08-26 17:10
37,2022-08-26 17:10
37,2022-08-26 17:10
37,2022-08-26 17:10
37,2022-08-26 17:10
37,2022-08-26 17:10
38,2022-08-26 17:10
38,2022-08-26 17:10
39,2022-08-26 17:10
40,2022-08-26 17:10
42,2022-08-26 17:10
43,2022-08-26 17:10
44,2022-08-26 17:10
45,2022-08-26 17:10
46,2022-08-26 17:10
47,2022-08-26 17:10
49,2022-08-26 17:10
50,2022-08-26 17:10
50,2022-08-26 17:10
52,2022-08-26 17:10
53,2022-08-26 17:10
55,2022-08-26 17:10
57,2022-08-26 17:10
58,2022-08-26 17:10
60,2022-08-26 17:10
61,2022-08-26 17:10
61,2022-08-26 17:10
63,2022-08-26 17:10
63,2022-08-26 17:10
64,2022-08-26 17:10
65,2022-08-26 17:10
67,2022-08-26 17:10
69,2022-08-26 17:11
70,2022-08-26 17:11
72,2022-08-26 17:11
73,2022-08-26 17:11
75,2022-08-26 17:11
76,2022-08-26 17:11
78,2022-08-26 17:11
79,2022-08-26 17:11
80,2022-08-26 17:11
81,2022-08-26 17:11
83,2022-08-26 17:11
85,2022-08-26 17:11
85,2022-08-26 17:11
86,2022-08-26 17:11
88,2022-08-26 17:11
89,2022-08-26 17:11
91,2022-08-26 17:11
93,2022-08-26 17:11
93,2022-08-26 17:11
95,2022-08-26 17:11
98,2022-08-26 17:11
98,2022-08-26 17:11
100,2022-08-26 17:11
101,2022-08-26 17:11
103,2022-08-26 17:11
103,2022-08-26 17:11
106,2022-08-26 17:11
107,2022-08-26 17:11
108,2022-08-26 17:11
108,2022-08-26 17:11
111,2022-08-26 17:11
112,2022-08-26 17:11
114,2022-08-26 17:11
115,2022-08-26 17:11
116,2022-08-26 17:11
118,2022-08-26 17:11
119,2022-08-26 17:11
120,2022-08-26 17:11
121,2022-08-26 17:11
122,2022-08-26 17:11
123,2022-08-26 17:11
125,2022-08-26 17:11
126,2022-08-26 17:11
127,2022-08-26 17:11
127,2022-08-26 17:11
130,2022-08-26 17:11
132,2022-08-26 17:11
132,2022-08-26 17:11
133,2022-08-26 17:11
133,2022-08-26 17:11
135,2022-08-26 17:11
136,2022-08-26 17:11
137,2022-08-26 17:11
138,2022-08-26 17:11
140,2022-08-26 17:11
141,2022-08-26 17:11
142,2022-08-26 17:11
142,2022-08-26 17:11
141,2022-08-26 17:11
141,2022-08-26 17:11
140,2022-08-26 17:11
140,2022-08-26 17:11
138,2022-08-26 17:11
136,2022-08-26 17:11
135,2022-08-26 17:11
135,2022-08-26 17:11
133,2022-08-26 17:11
132,2022-08-26 17:11
129,2022-08-26 17:11
128,2022-08-26 17:11
127,2022-08-26 17:11
126,2022-08-26 17:11
125,2022-08-26 17:11
122,2022-08-26 17:11
121,2022-08-26 17:11
120,2022-08-26 17:11
119,2022-08-26 17:11
117,2022-08-26 17:11
114,2022-08-26 17:11
114,2022-08-26 17:11
112,2022-08-26 17:11
112,2022-08-26 17:11
109,2022-08-26 17:11
108,2022-08-26 17:11
106,2022-08-26 17:11
106,2022-08-26 17:11
105,2022-08-26 17:11
104,2022-08-26 17:11
101,2022-08-26 17:11
100,2022-08-26 17:11
99,2022-08-26 17:11
98,2022-08-26 17:11
96,2022-08-26 17:11
95,2022-08-26 17:11
93,2022-08-26 17:11
91,2022-08-26 17:11
90,2022-08-26 17:11
88,2022-08-26 17:11
87,2022-08-26 17:11
86,2022-08-26 17:11
84,2022-08-26 17:11
82,2022-08-26 17:11
82,2022-08-26 17:11
80,2022-08-26 17:11
78,2022-08-26 17:11
77,2022-08-26 17:11
76,2022-08-26 17:11
75,2022-08-26 17:11
74,2022-08-26 17:11
71,2022-08-26 17:11
70,2022-08-26 17:11
69,2022-08-26 17:11
67,2022-08-26 17:11
65,2022-08-26 17:11
64,2022-08-26 17:11
63,2022-08-26 17:11
61,2022-08-26 17:11
60,2022-08-26 17:11
59,2022-08-26 17:11
58,2022-08-26 17:11
56,2022-08-26 17:11
54,2022-08-26 17:11
53,2022-08-26 17:11
51,2022-08-26 17:11
50,2022-08-26 17:11
50,2022-08-26 17:11
48,2022-08-26 17:11
47,2022-08-26 17:11
45,2022-08-26 17:11
45,2022-08-26 17:11
44,2022-08-26 17:11
43,2022-08-26 17:11
41,2022-08-26 17:11
41,2022-08-26 17:11
40,2022-08-26 17:11
40,2022-08-26 17:11
39,2022-08-26 17:11
39,2022-08-26 17:11
38,2022-08-26 17:11
39,2022-08-26 17:11
38,2022-08-26 17:11
38,2022-08-26 17:11
38,2022-08-26 17:11
37,2022-08-26 17:11
36,2022-08-26 17:11
36,2022-08-26 17:11
36,2022-08-26 17:11
36,2022-08-26 17:11
37,2022-08-26 17:11
36,2022-08-26 17:11
36,2022-08-26 17:11
36,2022-08-26 17:11
37,2022-08-26 17:11
37,2022-08-26 17:11
37,2022-08-26 17:11
37,2022-08-26 17:11
37,2022-08-26 17:11
38,2022-08-26 17:11
40,2022-08-26 17:11
41,2022-08-26 17:11
43,2022-08-26 17:11
43,2022-08-26 17:11
45,2022-08-26 17:11
46,2022-08-26 17:11
47,2022-08-26 17:11
48,2022-08-26 17:11
49,2022-08-26 17:11
51,2022-08-26 17:11
53,2022-08-26 17:11
54,2022-08-26 17:11
56,2022-08-26 17:11
57,2022-08-26 17:11
58,2022-08-26 17:11
60,2022-08-26 17:11
61,2022-08-26 17:11
62,2022-08-26 17:11
63,2022-08-26 17:11
63,2022-08-26 17:11
65,2022-08-26 17:11
66,2022-08-26 17:11
68,2022-08-26 17:11
69,2022-08-26 17:11
70,2022-08-26 17:11
71,2022-08-26 17:11
74,2022-08-26 17:11
76,2022-08-26 17:11
76,2022-08-26 17:11
78,2022-08-26 17:11
78,2022-08-26 17:11
80,2022-08-26 17:11
82,2022-08-26 17:11
83,2022-08-26 17:11
85,2022-08-26 17:11
85,2022-08-26 17:11
87,2022-08-26 17:11
88,2022-08-26 17:11
89,2022-08-26 17:11
91,2022-08-26 17:11
92,2022-08-26 17:11
93,2022-08-26 17:11
96,2022-08-26 17:11
97,2022-08-26 17:11
98,2022-08-26 17:11
100,2022-08-26 17:11
101,2022-08-26 17:11
102,2022-08-26 17:11
104,2022-08-26 17:11
105,2022-08-26 17:11
107,2022-08-26 17:11
107,2022-08-26 17:11
108,2022-08-26 17:11
110,2022-08-26 17:11
111,2022-08-26 17:11
112,2022-08-26 17:11
114,2022-08-26 17:11
114,2022-08-26 17:11
115,2022-08-26 17:11
116,2022-08-26 17:11
117,2022-08-26 17:11
119,2022-08-26 17:11
120,2022-08-26 17:11
121,2022-08-26 17:11
121,2022-08-26 17:11
122,2022-08-26 17:11
123,2022-08-26 17:11
124,2022-08-26 17:11
126,2022-08-26 17:11
127,2022-08-26 17:11
128,2022-08-26 17:11
128,2022-08-26 17:11
129,2022-08-26 17:11
131,2022-08-26 17:11
132,2022-08-26 17:11
134,2022-08-26 17:11
133,2022-08-26 17:11
133,2022-08-26 17:11
134,2022-08-26 17:11
134,2022-08-26 17:11
134,2022-08-26 17:11
133,2022-08-26 17:11
134,2022-08-26 17:11
133,2022-08-26 17:11
132,2022-08-26 17:11
131,2022-08-26 17:11
129,2022-08-26 17:11
129,2022-08-26 17:11
127,2022-08-26 17:11
126,2022-08-26 17:11
124,2022-08-26 17:11
122,2022-08-26 17:11
122,2022-08-26 17:11
120,2022-08-26 17:11
118,2022-08-26 17:11
116,2022-08-26 17:11
114,2022-08-26 17:11
113,2022-08-26 17:11
113,2022-08-26 17:11
110,2022-08-26 17:11
108,2022-08-26 17:11
107,2022-08-26 17:11
106,2022-08-26 17:11
104,2022-08-26 17:11
104,2022-08-26 17:11
101,2022-08-26 17:11
100,2022-08-26 17:11
99,2022-08-26 17:11
97,2022-08-26 17:11
95,2022-08-26 17:11
93,2022-08-26 17:12
91,2022-08-26 17:12
91,2022-08-26 17:12
89,2022-08-26 17:12
88,2022-08-26 17:12
86,2022-08-26 17:12
85,2022-08-26 17:12
84,2022-08-26 17:12
83,2022-08-26 17:12
81,2022-08-26 17:12
79,2022-08-26 17:12
78,2022-08-26 17:12
77,2022-08-26 17:12
76,2022-08-26 17:12
74,2022-08-26 17:12
72,2022-08-26 17:12
71,2022-08-26 17:12
69,2022-08-26 17:12
68,2022-08-26 17:12
66,2022-08-26 17:12
65,2022-08-26 17:12
65,2022-08-26 17:12
63,2022-08-26 17:12
61,2022-08-26 17:12
61,2022-08-26 17:12
59,2022-08-26 17:12
59,2022-08-26 17:12
57,2022-08-26 17:12
55,2022-08-26 17:12
53,2022-08-26 17:12
52,2022-08-26 17:12
51,2022-08-26 17:12
49,2022-08-26 17:12
49,2022-08-26 17:12
47,2022-08-26 17:12
47,2022-08-26 17:12
45,2022-08-26 17:12
45,2022-08-26 17:12
44,2022-08-26 17:12
43,2022-08-26 17:12
42,2022-08-26 17:12
41,2022-08-26 17:12
41,2022-08-26 17:12
41,2022-08-26 17:12
40,2022-08-26 17:12
39,2022-08-26 17:12
40,2022-08-26 17:12
39,2022-08-26 17:12
38,2022-08-26 17:12
38,2022-08-26 17:12
37,2022-08-26 17:12
37,2022-08-26 17:12
36,2022-08-26 17:12
36,2022-08-26 17:12
36,2022-08-26 17:12
36,2022-08-26 17:12
36,2022-08-26 17:12
36,2022-08-26 17:12
36,2022-08-26 17:12
36,2022-08-26 17:12
36,2022-08-26 17:12
36,2022-08-26 17:12
36,2022-08-26 17:12
36,2022-08-26 17:12
36,2022-08-26 17:12
36,2022-08-26 17:12
37,2022-08-26 17:12
37,2022-08-26 17:12
38,2022-08-26 17:12
39,2022-08-26 17:12
40,2022-08-26 17:12
41,2022-08-26 17:12
42,2022-08-26 17:12
44,2022-08-26 17:12
45,2022-08-26 17:12
46,2022-08-26 17:12
47,2022-08-26 17:12
48,2022-08-26 17:12
49,2022-08-26 17:12
50,2022-08-26 17:12
52,2022-08-26 17:12
53,2022-08-26 17:12
55,2022-08-26 17:12
57,2022-08-26 17:12
58,2022-08-26 17:12
60,2022-08-26 17:12
59,2022-08-26 17:12
60,2022-08-26 17:12
63,2022-08-26 17:12
64,2022-08-26 17:12
64,2022-08-26 17:12
66,2022-08-26 17:12
67,2022-08-26 17:12
69,2022-08-26 17:12
70,2022-08-26 17:12
71,2022-08-26 17:12
74,2022-08-26 17:12
75,2022-08-26 17:12
75,2022-08-26 17:12
77,2022-08-26 17:12
78,2022-08-26 17:12
81,2022-08-26 17:12
82,2022-08-26 17:12
82,2022-08-26 17:12
84,2022-08-26 17:12
85,2022-08-26 17:12
87,2022-08-26 17:12
88,2022-08-26 17:12
89,2022-08-26 17:12
91,2022-08-26 17:12
92,2022-08-26 17:12
93,2022-08-26 17:12
96,2022-08-26 17:12
97,2022-08-26 17:12
98,2022-08-26 17:12
100,2022-08-26 17:12
101,2022-08-26 17:12
102,2022-08-26 17:12
104,2022-08-26 17:12
106,2022-08-26 17:12
108,2022-08-26 17:12
108,2022-08-26 17:12
108,2022-08-26 17:12
110,2022-08-26 17:12
112,2022-08-26 17:12
114,2022-08-26 17:12
115,2022-08-26 17:12
115,2022-08-26 17:12
118,2022-08-26 17:12
118,2022-08-26 17:12
119,2022-08-26 17:12
122,2022-08-26 17:12
122,2022-08-26 17:12
123,2022-08-26 17:12
124,2022-08-26 17:12
126,2022-08-26 17:12
126,2022-08-26 17:12
128,2022-08-26 17:12
128,2022-08-26 17:12
130,2022-08-26 17:12
131,2022-08-26 17:12
132,2022-08-26 17:12
133,2022-08-26 17:12
133,2022-08-26 17:12
133,2022-08-26 17:12
135,2022-08-26 17:12
137,2022-08-26 17:12
137,2022-08-26 17:12
137,2022-08-26 17:12
137,2022-08-26 17:12
137,2022-08-26 17:12
137,2022-08-26 17:12
137,2022-08-26 17:12
136,2022-08-26 17:12
135,2022-08-26 17:12
135,2022-08-26 17:12
132,2022-08-26 17:12
131,2022-08-26 17:12
130,2022-08-26 17:12
128,2022-08-26 17:12
127,2022-08-26 17:12
125,2022-08-26 17:12
123,2022-08-26 17:12
122,2022-08-26 17:12
121,2022-08-26 17:12
119,2022-08-26 17:12
118,2022-08-26 17:12
116,2022-08-26 17:12
114,2022-08-26 17:12
113,2022-08-26 17:12
112,2022-08-26 17:12
110,2022-08-26 17:12
108,2022-08-26 17:12
107,2022-08-26 17:12
106,2022-08-26 17:12
104,2022-08-26 17:12
104,2022-08-26 17:12
103,2022-08-26 17:12
99,2022-08-26 17:12
99,2022-08-26 17:12
98,2022-08-26 17:12
97,2022-08-26 17:12
95,2022-08-26 17:12
93,2022-08-26 17:12
92,2022-08-26 17:12
90,2022-08-26 17:12
89,2022-08-26 17:12
87,2022-08-26 17:12
86,2022-08-26 17:12
85,2022-08-26 17:12
84,2022-08-26 17:12
82,2022-08-26 17:12
81,2022-08-26 17:12
79,2022-08-26 17:12
78,2022-08-26 17:12
77,2022-08-26 17:12
75,2022-08-26 17:12
73,2022-08-26 17:12
71,2022-08-26 17:12
71,2022-08-26 17:12
68,2022-08-26 17:12
67,2022-08-26 17:12
66,2022-08-26 17:12
65,2022-08-26 17:12
63,2022-08-26 17:12
61,2022-08-26 17:12
60,2022-08-26 17:12
60,2022-08-26 17:12
58,2022-08-26 17:12
57,2022-08-26 17:12
55,2022-08-26 17:12
54,2022-08-26 17:12
52,2022-08-26 17:12
51,2022-08-26 17:12
49,2022-08-26 17:12
49,2022-08-26 17:12
47,2022-08-26 17:12
46,2022-08-26 17:12
45,2022-08-26 17:12
44,2022-08-26 17:12
44,2022-08-26 17:12
42,2022-08-26 17:12
